<?xml version="1.0" encoding="UTF-8"?>
<questestinterop xmlns="http://www.imsglobal.org/xsd/ims_qtiasiv1p2" xmlns:xsi="http://www.w3.org/2001/XMLSchema-instance" xsi:schemaLocation="http://www.imsglobal.org/xsd/ims_qtiasiv1p2 http://www.imsglobal.org/xsd/ims_qtiasiv1p2p1.xsd">
  <assessment ident="g2cda647e9c1c4e329f8a61773b4a196f" title="Chapter 2 Reading Quiz">
    <qtimetadata>
      <qtimetadatafield>
        <fieldlabel>qmd_timelimit</fieldlabel>
        <fieldentry>30</fieldentry>
      </qtimetadatafield>
      <qtimetadatafield>
        <fieldlabel>cc_maxattempts</fieldlabel>
        <fieldentry>1</fieldentry>
      </qtimetadatafield>
    </qtimetadata>
    <section ident="root_section">
      <item ident="g473121cd95c655187fa195eab0d0fd1e" title="According to the Gre">
        <itemmetadata>
          <qtimetadata>
            <qtimetadatafield>
              <fieldlabel>question_type</fieldlabel>
              <fieldentry>multiple_choice_question</fieldentry>
            </qtimetadatafield>
            <qtimetadatafield>
              <fieldlabel>points_possible</fieldlabel>
              <fieldentry>10.0</fieldentry>
            </qtimetadatafield>
            <qtimetadatafield>
              <fieldlabel>original_answer_ids</fieldlabel>
              <fieldentry>99562,25752,5367,15756</fieldentry>
            </qtimetadatafield>
            <qtimetadatafield>
              <fieldlabel>assessment_question_identifierref</fieldlabel>
              <fieldentry>g9fbe5bb5e8bf388117e5a3d47212e6b4</fieldentry>
            </qtimetadatafield>
          </qtimetadata>
        </itemmetadata>
        <presentation>
          <material>
            <mattext texttype="text/html">&lt;div&gt;According to the Great Compromise, how would representation in Congress be apportioned?&lt;/div&gt;</mattext>
          </material>
          <response_lid ident="response1" rcardinality="Single">
            <render_choice>
              <response_label ident="99562">
                <material>
                  <mattext texttype="text/plain">Each state would have equal representation in both the House of Representatives and the Senate.</mattext>
                </material>
              </response_label>
              <response_label ident="25752">
                <material>
                  <mattext texttype="text/plain">Congress would be a unicameral legislature with each state receiving equal representation.</mattext>
                </material>
              </response_label>
              <response_label ident="5367">
                <material>
                  <mattext texttype="text/plain">Representation in the House of Representatives would be based on each stateâ€™s population and every state would have two senators.</mattext>
                </material>
              </response_label>
              <response_label ident="15756">
                <material>
                  <mattext texttype="text/plain">Representation in both the House of Representatives and the Senate would be based on a stateâ€™s population.</mattext>
                </material>
              </response_label>
            </render_choice>
          </response_lid>
        </presentation>
        <resprocessing>
          <outcomes>
            <decvar maxvalue="100" minvalue="0" varname="SCORE" vartype="Decimal"/>
          </outcomes>
          <respcondition continue="No">
            <conditionvar>
              <varequal respident="response1">5367</varequal>
            </conditionvar>
            <setvar action="Set" varname="SCORE">100</setvar>
          </respcondition>
        </resprocessing>
      </item>
      <item ident="g66bf5c981fb8972f6757c8f63469c1ab" title="British colonists in">
        <itemmetadata>
          <qtimetadata>
            <qtimetadatafield>
              <fieldlabel>question_type</fieldlabel>
              <fieldentry>multiple_choice_question</fieldentry>
            </qtimetadatafield>
            <qtimetadatafield>
              <fieldlabel>points_possible</fieldlabel>
              <fieldentry>10.0</fieldentry>
            </qtimetadatafield>
            <qtimetadatafield>
              <fieldlabel>original_answer_ids</fieldlabel>
              <fieldentry>56015,5322,8170,1112</fieldentry>
            </qtimetadatafield>
            <qtimetadatafield>
              <fieldlabel>assessment_question_identifierref</fieldlabel>
              <fieldentry>g0d2dabbddc41d4595de0ac94fe9216de</fieldentry>
            </qtimetadatafield>
          </qtimetadata>
        </itemmetadata>
        <presentation>
          <material>
            <mattext texttype="text/html">&lt;div&gt;British colonists in North America in the late seventeenth century were greatly influenced by the political thought of ________.&lt;/div&gt;</mattext>
          </material>
          <response_lid ident="response1" rcardinality="Single">
            <render_choice>
              <response_label ident="56015">
                <material>
                  <mattext texttype="text/plain">King James II</mattext>
                </material>
              </response_label>
              <response_label ident="5322">
                <material>
                  <mattext texttype="text/plain">Thomas Jefferson</mattext>
                </material>
              </response_label>
              <response_label ident="8170">
                <material>
                  <mattext texttype="text/plain">John Locke</mattext>
                </material>
              </response_label>
              <response_label ident="1112">
                <material>
                  <mattext texttype="text/plain">James Madison</mattext>
                </material>
              </response_label>
            </render_choice>
          </response_lid>
        </presentation>
        <resprocessing>
          <outcomes>
            <decvar maxvalue="100" minvalue="0" varname="SCORE" vartype="Decimal"/>
          </outcomes>
          <respcondition continue="No">
            <conditionvar>
              <varequal respident="response1">8170</varequal>
            </conditionvar>
            <setvar action="Set" varname="SCORE">100</setvar>
          </respcondition>
        </resprocessing>
      </item>
      <item ident="g531573c21d91b33e33c73092fff0e3ee" title="How did the delegate">
        <itemmetadata>
          <qtimetadata>
            <qtimetadatafield>
              <fieldlabel>question_type</fieldlabel>
              <fieldentry>multiple_choice_question</fieldentry>
            </qtimetadatafield>
            <qtimetadatafield>
              <fieldlabel>points_possible</fieldlabel>
              <fieldentry>10.0</fieldentry>
            </qtimetadatafield>
            <qtimetadatafield>
              <fieldlabel>original_answer_ids</fieldlabel>
              <fieldentry>8478,27511,82462,4393</fieldentry>
            </qtimetadatafield>
            <qtimetadatafield>
              <fieldlabel>assessment_question_identifierref</fieldlabel>
              <fieldentry>g244f09724b67ab32a9fe9a8bfc92fff2</fieldentry>
            </qtimetadatafield>
          </qtimetadata>
        </itemmetadata>
        <presentation>
          <material>
            <mattext texttype="text/html">&lt;div&gt;How did the delegates to the Constitutional Convention resolve their disagreement regarding slavery?&lt;/div&gt;</mattext>
          </material>
          <response_lid ident="response1" rcardinality="Single">
            <render_choice>
              <response_label ident="8478">
                <material>
                  <mattext texttype="text/plain">It was agreed that Congress would abolish slavery in 1850.</mattext>
                </material>
              </response_label>
              <response_label ident="27511">
                <material>
                  <mattext texttype="text/plain">It was agreed that a stateâ€™s enslaved population would be counted for purposes of representation but not for purposes of taxation.</mattext>
                </material>
              </response_label>
              <response_label ident="82462">
                <material>
                  <mattext texttype="text/plain">It was agreed that a stateâ€™s enslaved population would be counted for purposes of taxation but not for purposes of representation.</mattext>
                </material>
              </response_label>
              <response_label ident="4393">
                <material>
                  <mattext texttype="text/plain">It was agreed that 60 percent of a stateâ€™s enslaved population would be counted for purposes of both representation and taxation.</mattext>
                </material>
              </response_label>
            </render_choice>
          </response_lid>
        </presentation>
        <resprocessing>
          <outcomes>
            <decvar maxvalue="100" minvalue="0" varname="SCORE" vartype="Decimal"/>
          </outcomes>
          <respcondition continue="No">
            <conditionvar>
              <varequal respident="response1">4393</varequal>
            </conditionvar>
            <setvar action="Set" varname="SCORE">100</setvar>
          </respcondition>
        </resprocessing>
      </item>
      <item ident="g2f0ce2cbd2c41ed370b258117966250f" title="How many states must">
        <itemmetadata>
          <qtimetadata>
            <qtimetadatafield>
              <fieldlabel>question_type</fieldlabel>
              <fieldentry>multiple_choice_question</fieldentry>
            </qtimetadatafield>
            <qtimetadatafield>
              <fieldlabel>points_possible</fieldlabel>
              <fieldentry>10.0</fieldentry>
            </qtimetadatafield>
            <qtimetadatafield>
              <fieldlabel>original_answer_ids</fieldlabel>
              <fieldentry>75968,81013,69760,41717</fieldentry>
            </qtimetadatafield>
            <qtimetadatafield>
              <fieldlabel>assessment_question_identifierref</fieldlabel>
              <fieldentry>g747ba1e223473f36894319e899c10594</fieldentry>
            </qtimetadatafield>
          </qtimetadata>
        </itemmetadata>
        <presentation>
          <material>
            <mattext texttype="text/html">&lt;div&gt;How many states must ratify an amendment before it becomes law?&lt;/div&gt;</mattext>
          </material>
          <response_lid ident="response1" rcardinality="Single">
            <render_choice>
              <response_label ident="75968">
                <material>
                  <mattext texttype="text/plain">all</mattext>
                </material>
              </response_label>
              <response_label ident="81013">
                <material>
                  <mattext texttype="text/plain">three-fourths</mattext>
                </material>
              </response_label>
              <response_label ident="69760">
                <material>
                  <mattext texttype="text/plain">two-thirds</mattext>
                </material>
              </response_label>
              <response_label ident="41717">
                <material>
                  <mattext texttype="text/plain">one-half</mattext>
                </material>
              </response_label>
            </render_choice>
          </response_lid>
        </presentation>
        <resprocessing>
          <outcomes>
            <decvar maxvalue="100" minvalue="0" varname="SCORE" vartype="Decimal"/>
          </outcomes>
          <respcondition continue="No">
            <conditionvar>
              <varequal respident="response1">81013</varequal>
            </conditionvar>
            <setvar action="Set" varname="SCORE">100</setvar>
          </respcondition>
        </resprocessing>
      </item>
      <item ident="g3d9dcc93a546d4d4c380f0244aa2beb7" title="The agreement that c">
        <itemmetadata>
          <qtimetadata>
            <qtimetadatafield>
              <fieldlabel>question_type</fieldlabel>
              <fieldentry>multiple_choice_question</fieldentry>
            </qtimetadatafield>
            <qtimetadatafield>
              <fieldlabel>points_possible</fieldlabel>
              <fieldentry>10.0</fieldentry>
            </qtimetadatafield>
            <qtimetadatafield>
              <fieldlabel>original_answer_ids</fieldlabel>
              <fieldentry>5627,71273,3340,68369</fieldentry>
            </qtimetadatafield>
            <qtimetadatafield>
              <fieldlabel>assessment_question_identifierref</fieldlabel>
              <fieldentry>gc3ca9b3b33ffc51a96725803ba549d35</fieldentry>
            </qtimetadatafield>
          </qtimetadata>
        </itemmetadata>
        <presentation>
          <material>
            <mattext texttype="text/html">&lt;div&gt;The agreement that citizens will consent to be governed so long as government protects their natural rights is called ________.&lt;/div&gt;</mattext>
          </material>
          <response_lid ident="response1" rcardinality="Single">
            <render_choice>
              <response_label ident="5627">
                <material>
                  <mattext texttype="text/plain">the divine right of kings</mattext>
                </material>
              </response_label>
              <response_label ident="71273">
                <material>
                  <mattext texttype="text/plain">the social contract</mattext>
                </material>
              </response_label>
              <response_label ident="3340">
                <material>
                  <mattext texttype="text/plain">a bill of rights</mattext>
                </material>
              </response_label>
              <response_label ident="68369">
                <material>
                  <mattext texttype="text/plain">due process</mattext>
                </material>
              </response_label>
            </render_choice>
          </response_lid>
        </presentation>
        <resprocessing>
          <outcomes>
            <decvar maxvalue="100" minvalue="0" varname="SCORE" vartype="Decimal"/>
          </outcomes>
          <respcondition continue="No">
            <conditionvar>
              <varequal respident="response1">71273</varequal>
            </conditionvar>
            <setvar action="Set" varname="SCORE">100</setvar>
          </respcondition>
        </resprocessing>
      </item>
      <item ident="g249fad7631ba671be4ec78dc11edf0c7" title="What argument did Al">
        <itemmetadata>
          <qtimetadata>
            <qtimetadatafield>
              <fieldlabel>question_type</fieldlabel>
              <fieldentry>multiple_choice_question</fieldentry>
            </qtimetadatafield>
            <qtimetadatafield>
              <fieldlabel>points_possible</fieldlabel>
              <fieldentry>10.0</fieldentry>
            </qtimetadatafield>
            <qtimetadatafield>
              <fieldlabel>original_answer_ids</fieldlabel>
              <fieldentry>44426,22124,59624,35736</fieldentry>
            </qtimetadatafield>
            <qtimetadatafield>
              <fieldlabel>assessment_question_identifierref</fieldlabel>
              <fieldentry>g3692e770e627900e91991b9c2cacd65e</fieldentry>
            </qtimetadatafield>
          </qtimetadata>
        </itemmetadata>
        <presentation>
          <material>
            <mattext texttype="text/html">&lt;div&gt;What argument did Alexander Hamilton use to convince people that it was not dangerous to place power in the hands of one man?&lt;/div&gt;</mattext>
          </material>
          <response_lid ident="response1" rcardinality="Single">
            <render_choice>
              <response_label ident="44426">
                <material>
                  <mattext texttype="text/plain">That man would have to pass a religious test before he could become president; thus, citizens could be sure that he was of good character.</mattext>
                </material>
              </response_label>
              <response_label ident="22124">
                <material>
                  <mattext texttype="text/plain">One man could respond to crises more quickly than a group of men like Congress.</mattext>
                </material>
              </response_label>
              <response_label ident="59624">
                <material>
                  <mattext texttype="text/plain">It was easier to control the actions of one man than the actions of a group.</mattext>
                </material>
              </response_label>
              <response_label ident="35736">
                <material>
                  <mattext texttype="text/plain">both B and C</mattext>
                </material>
              </response_label>
            </render_choice>
          </response_lid>
        </presentation>
        <resprocessing>
          <outcomes>
            <decvar maxvalue="100" minvalue="0" varname="SCORE" vartype="Decimal"/>
          </outcomes>
          <respcondition continue="No">
            <conditionvar>
              <varequal respident="response1">35736</varequal>
            </conditionvar>
            <setvar action="Set" varname="SCORE">100</setvar>
          </respcondition>
        </resprocessing>
      </item>
      <item ident="gb9c58aa9f3fb631284c9366bf8d1779a" title="What important power">
        <itemmetadata>
          <qtimetadata>
            <qtimetadatafield>
              <fieldlabel>question_type</fieldlabel>
              <fieldentry>multiple_choice_question</fieldentry>
            </qtimetadatafield>
            <qtimetadatafield>
              <fieldlabel>points_possible</fieldlabel>
              <fieldentry>10.0</fieldentry>
            </qtimetadatafield>
            <qtimetadatafield>
              <fieldlabel>original_answer_ids</fieldlabel>
              <fieldentry>14065,32826,22358,34627</fieldentry>
            </qtimetadatafield>
            <qtimetadatafield>
              <fieldlabel>assessment_question_identifierref</fieldlabel>
              <fieldentry>ga182df4cf8c51ab3b50cb34f5e89242c</fieldentry>
            </qtimetadatafield>
          </qtimetadata>
        </itemmetadata>
        <presentation>
          <material>
            <mattext texttype="text/html">&lt;div&gt;What important power did the national government lack under the Articles of Confederation?&lt;/div&gt;</mattext>
          </material>
          <response_lid ident="response1" rcardinality="Single">
            <render_choice>
              <response_label ident="14065">
                <material>
                  <mattext texttype="text/plain">It could not coin money.</mattext>
                </material>
              </response_label>
              <response_label ident="32826">
                <material>
                  <mattext texttype="text/plain">It could not declare war.</mattext>
                </material>
              </response_label>
              <response_label ident="22358">
                <material>
                  <mattext texttype="text/plain">It could not impose taxes.</mattext>
                </material>
              </response_label>
              <response_label ident="34627">
                <material>
                  <mattext texttype="text/plain">It could not conduct foreign affairs.</mattext>
                </material>
              </response_label>
            </render_choice>
          </response_lid>
        </presentation>
        <resprocessing>
          <outcomes>
            <decvar maxvalue="100" minvalue="0" varname="SCORE" vartype="Decimal"/>
          </outcomes>
          <respcondition continue="No">
            <conditionvar>
              <varequal respident="response1">22358</varequal>
            </conditionvar>
            <setvar action="Set" varname="SCORE">100</setvar>
          </respcondition>
        </resprocessing>
      </item>
      <item ident="g3beb6b0d6d834800fee73000e1114bc1" title="What is the Bill of">
        <itemmetadata>
          <qtimetadata>
            <qtimetadatafield>
              <fieldlabel>question_type</fieldlabel>
              <fieldentry>multiple_choice_question</fieldentry>
            </qtimetadatafield>
            <qtimetadatafield>
              <fieldlabel>points_possible</fieldlabel>
              <fieldentry>10.0</fieldentry>
            </qtimetadatafield>
            <qtimetadatafield>
              <fieldlabel>original_answer_ids</fieldlabel>
              <fieldentry>96269,78080,99839,86925</fieldentry>
            </qtimetadatafield>
            <qtimetadatafield>
              <fieldlabel>assessment_question_identifierref</fieldlabel>
              <fieldentry>g57d8a012cebf33babf5b81023a6f164a</fieldentry>
            </qtimetadatafield>
          </qtimetadata>
        </itemmetadata>
        <presentation>
          <material>
            <mattext texttype="text/html">&lt;div&gt;What is the Bill of Rights?&lt;/div&gt;</mattext>
          </material>
          <response_lid ident="response1" rcardinality="Single">
            <render_choice>
              <response_label ident="96269">
                <material>
                  <mattext texttype="text/plain">first ten amendments to the Constitution that protect individual freedoms</mattext>
                </material>
              </response_label>
              <response_label ident="78080">
                <material>
                  <mattext texttype="text/plain">powers given to Congress in Article I of the Constitution</mattext>
                </material>
              </response_label>
              <response_label ident="99839">
                <material>
                  <mattext texttype="text/plain">twenty-seven amendments added to the Constitution over the years</mattext>
                </material>
              </response_label>
              <response_label ident="86925">
                <material>
                  <mattext texttype="text/plain">document authored by Thomas Jefferson that details the rights of the citizens</mattext>
                </material>
              </response_label>
            </render_choice>
          </response_lid>
        </presentation>
        <resprocessing>
          <outcomes>
            <decvar maxvalue="100" minvalue="0" varname="SCORE" vartype="Decimal"/>
          </outcomes>
          <respcondition continue="No">
            <conditionvar>
              <varequal respident="response1">96269</varequal>
            </conditionvar>
            <setvar action="Set" varname="SCORE">100</setvar>
          </respcondition>
        </resprocessing>
      </item>
      <item ident="g0c04fc5bb2baff4fcd1269703b32e156" title="Why were The Federal">
        <itemmetadata>
          <qtimetadata>
            <qtimetadatafield>
              <fieldlabel>question_type</fieldlabel>
              <fieldentry>multiple_choice_question</fieldentry>
            </qtimetadatafield>
            <qtimetadatafield>
              <fieldlabel>points_possible</fieldlabel>
              <fieldentry>10.0</fieldentry>
            </qtimetadatafield>
            <qtimetadatafield>
              <fieldlabel>original_answer_ids</fieldlabel>
              <fieldentry>18379,30781,20236,45364</fieldentry>
            </qtimetadatafield>
            <qtimetadatafield>
              <fieldlabel>assessment_question_identifierref</fieldlabel>
              <fieldentry>gc82e870139899501a2575f6f5a1f6939</fieldentry>
            </qtimetadatafield>
          </qtimetadata>
        </itemmetadata>
        <presentation>
          <material>
            <mattext texttype="text/html">&lt;div&gt;Why were The Federalist Papers written?&lt;/div&gt;</mattext>
          </material>
          <response_lid ident="response1" rcardinality="Single">
            <render_choice>
              <response_label ident="18379">
                <material>
                  <mattext texttype="text/plain">To encourage states to oppose the Constitution.</mattext>
                </material>
              </response_label>
              <response_label ident="30781">
                <material>
                  <mattext texttype="text/plain">To encourage New York to ratify the Constitution.</mattext>
                </material>
              </response_label>
              <response_label ident="20236">
                <material>
                  <mattext texttype="text/plain">To oppose the admission of slaveholding states to the federal union.</mattext>
                </material>
              </response_label>
              <response_label ident="45364">
                <material>
                  <mattext texttype="text/plain">To encourage people to vote for George Washington as the nationâ€™s first president.</mattext>
                </material>
              </response_label>
            </render_choice>
          </response_lid>
        </presentation>
        <resprocessing>
          <outcomes>
            <decvar maxvalue="100" minvalue="0" varname="SCORE" vartype="Decimal"/>
          </outcomes>
          <respcondition continue="No">
            <conditionvar>
              <varequal respident="response1">30781</varequal>
            </conditionvar>
            <setvar action="Set" varname="SCORE">100</setvar>
          </respcondition>
        </resprocessing>
      </item>
      <item ident="g0526bbe854c274d44004c1ae1eea238d" title="Question">
        <itemmetadata>
          <qtimetadata>
            <qtimetadatafield>
              <fieldlabel>question_type</fieldlabel>
              <fieldentry>multiple_choice_question</fieldentry>
            </qtimetadatafield>
            <qtimetadatafield>
              <fieldlabel>points_possible</fieldlabel>
              <fieldentry>10.0</fieldentry>
            </qtimetadatafield>
            <qtimetadatafield>
              <fieldlabel>original_answer_ids</fieldlabel>
              <fieldentry>62870,36706,17259,27356</fieldentry>
            </qtimetadatafield>
            <qtimetadatafield>
              <fieldlabel>assessment_question_identifierref</fieldlabel>
              <fieldentry>g3852b39519b189153c91734bc62f3a25</fieldentry>
            </qtimetadatafield>
          </qtimetadata>
        </itemmetadata>
        <presentation>
          <material>
            <mattext texttype="text/html">&lt;div&gt;Who drafted the Declaration of Independence?&lt;/div&gt;</mattext>
          </material>
          <response_lid ident="response1" rcardinality="Single">
            <render_choice>
              <response_label ident="62870">
                <material>
                  <mattext texttype="text/plain">Thomas Jefferson</mattext>
                </material>
              </response_label>
              <response_label ident="36706">
                <material>
                  <mattext texttype="text/plain">James Madison</mattext>
                </material>
              </response_label>
              <response_label ident="17259">
                <material>
                  <mattext texttype="text/plain">Thomas Edison</mattext>
                </material>
              </response_label>
              <response_label ident="27356">
                <material>
                  <mattext texttype="text/plain">Alexander Hamilton</mattext>
                </material>
              </response_label>
            </render_choice>
          </response_lid>
        </presentation>
        <resprocessing>
          <outcomes>
            <decvar maxvalue="100" minvalue="0" varname="SCORE" vartype="Decimal"/>
          </outcomes>
          <respcondition continue="No">
            <conditionvar>
              <varequal respident="response1">62870</varequal>
            </conditionvar>
            <setvar action="Set" varname="SCORE">100</setvar>
          </respcondition>
        </resprocessing>
      </item>
    </section>
  </assessment>
</questestinterop>
