<?xml version="1.0" encoding="UTF-8"?>
<questestinterop xmlns="http://www.imsglobal.org/xsd/ims_qtiasiv1p2" xmlns:xsi="http://www.w3.org/2001/XMLSchema-instance" xsi:schemaLocation="http://www.imsglobal.org/xsd/ims_qtiasiv1p2 http://www.imsglobal.org/xsd/ims_qtiasiv1p2p1.xsd">
  <assessment ident="gc34fc0cacfc4107bafef543d2af8a048" title="Chapter 7 Reading Quiz ">
    <qtimetadata>
      <qtimetadatafield>
        <fieldlabel>qmd_timelimit</fieldlabel>
        <fieldentry>30</fieldentry>
      </qtimetadatafield>
      <qtimetadatafield>
        <fieldlabel>cc_maxattempts</fieldlabel>
        <fieldentry>1</fieldentry>
      </qtimetadatafield>
    </qtimetadata>
    <section ident="root_section">
      <item ident="g0db7584926df0960574b7bf1e1be0102" title="A referendum is not">
        <itemmetadata>
          <qtimetadata>
            <qtimetadatafield>
              <fieldlabel>question_type</fieldlabel>
              <fieldentry>multiple_choice_question</fieldentry>
            </qtimetadatafield>
            <qtimetadatafield>
              <fieldlabel>points_possible</fieldlabel>
              <fieldentry>10.0</fieldentry>
            </qtimetadatafield>
            <qtimetadatafield>
              <fieldlabel>original_answer_ids</fieldlabel>
              <fieldentry>66949,98397,1277,36634</fieldentry>
            </qtimetadatafield>
            <qtimetadatafield>
              <fieldlabel>assessment_question_identifierref</fieldlabel>
              <fieldentry>g335a74138aa86ea153ba4ef47bd2bdb0</fieldentry>
            </qtimetadatafield>
          </qtimetadata>
        </itemmetadata>
        <presentation>
          <material>
            <mattext texttype="text/html">&lt;div&gt;A referendum is not purely direct democracy because the ________.&lt;/div&gt;</mattext>
          </material>
          <response_lid ident="response1" rcardinality="Single">
            <render_choice>
              <response_label ident="66949">
                <material>
                  <mattext texttype="text/plain">voters propose something but the governor approves it</mattext>
                </material>
              </response_label>
              <response_label ident="98397">
                <material>
                  <mattext texttype="text/plain">voters propose and approve something but the legislature also approves it</mattext>
                </material>
              </response_label>
              <response_label ident="1277">
                <material>
                  <mattext texttype="text/plain">government proposes something and the voters approve it</mattext>
                </material>
              </response_label>
              <response_label ident="36634">
                <material>
                  <mattext texttype="text/plain">government proposes something and the legislature approves it</mattext>
                </material>
              </response_label>
            </render_choice>
          </response_lid>
        </presentation>
        <resprocessing>
          <outcomes>
            <decvar maxvalue="100" minvalue="0" varname="SCORE" vartype="Decimal"/>
          </outcomes>
          <respcondition continue="No">
            <conditionvar>
              <varequal respident="response1">1277</varequal>
            </conditionvar>
            <setvar action="Set" varname="SCORE">100</setvar>
          </respcondition>
        </resprocessing>
      </item>
      <item ident="g3372360b14984f50459f4039dd4639d0" title="In which type of ele">
        <itemmetadata>
          <qtimetadata>
            <qtimetadatafield>
              <fieldlabel>question_type</fieldlabel>
              <fieldentry>multiple_choice_question</fieldentry>
            </qtimetadatafield>
            <qtimetadatafield>
              <fieldlabel>points_possible</fieldlabel>
              <fieldentry>10.0</fieldentry>
            </qtimetadatafield>
            <qtimetadatafield>
              <fieldlabel>original_answer_ids</fieldlabel>
              <fieldentry>55759,9093,23330,22064</fieldentry>
            </qtimetadatafield>
            <qtimetadatafield>
              <fieldlabel>assessment_question_identifierref</fieldlabel>
              <fieldentry>g8b6b8f094f87d9e7d8ae37fbb83c07c0</fieldentry>
            </qtimetadatafield>
          </qtimetadata>
        </itemmetadata>
        <presentation>
          <material>
            <mattext texttype="text/html">&lt;div&gt;In which type of election are you most likely to see coattail effects?&lt;/div&gt;</mattext>
          </material>
          <response_lid ident="response1" rcardinality="Single">
            <render_choice>
              <response_label ident="55759">
                <material>
                  <mattext texttype="text/plain">presidential</mattext>
                </material>
              </response_label>
              <response_label ident="9093">
                <material>
                  <mattext texttype="text/plain">midterm</mattext>
                </material>
              </response_label>
              <response_label ident="23330">
                <material>
                  <mattext texttype="text/plain">special</mattext>
                </material>
              </response_label>
              <response_label ident="22064">
                <material>
                  <mattext texttype="text/plain">caucuses</mattext>
                </material>
              </response_label>
            </render_choice>
          </response_lid>
        </presentation>
        <resprocessing>
          <outcomes>
            <decvar maxvalue="100" minvalue="0" varname="SCORE" vartype="Decimal"/>
          </outcomes>
          <respcondition continue="No">
            <conditionvar>
              <varequal respident="response1">55759</varequal>
            </conditionvar>
            <setvar action="Set" varname="SCORE">100</setvar>
          </respcondition>
        </resprocessing>
      </item>
      <item ident="gb8631b70332339a0601aaec39898d695" title="Susan is currently w">
        <itemmetadata>
          <qtimetadata>
            <qtimetadatafield>
              <fieldlabel>question_type</fieldlabel>
              <fieldentry>multiple_choice_question</fieldentry>
            </qtimetadatafield>
            <qtimetadatafield>
              <fieldlabel>points_possible</fieldlabel>
              <fieldentry>10.0</fieldentry>
            </qtimetadatafield>
            <qtimetadatafield>
              <fieldlabel>original_answer_ids</fieldlabel>
              <fieldentry>57265,81833,32559,37271</fieldentry>
            </qtimetadatafield>
            <qtimetadatafield>
              <fieldlabel>assessment_question_identifierref</fieldlabel>
              <fieldentry>g9efbeed4133938e0c685f7b07b6f66b2</fieldentry>
            </qtimetadatafield>
          </qtimetadata>
        </itemmetadata>
        <presentation>
          <material>
            <mattext texttype="text/html">&lt;div&gt;Susan is currently working two part-time jobs and is frustrated about the poor economy. On Election Day, she votes for every challenger on the ballot, because she feels the president and Congress are not doing enough to help her. What type of vote did she cast?&lt;/div&gt;</mattext>
          </material>
          <response_lid ident="response1" rcardinality="Single">
            <render_choice>
              <response_label ident="57265">
                <material>
                  <mattext texttype="text/plain">retrospective</mattext>
                </material>
              </response_label>
              <response_label ident="81833">
                <material>
                  <mattext texttype="text/plain">prospective</mattext>
                </material>
              </response_label>
              <response_label ident="32559">
                <material>
                  <mattext texttype="text/plain">pocketbook</mattext>
                </material>
              </response_label>
              <response_label ident="37271">
                <material>
                  <mattext texttype="text/plain">straight ticket</mattext>
                </material>
              </response_label>
            </render_choice>
          </response_lid>
        </presentation>
        <resprocessing>
          <outcomes>
            <decvar maxvalue="100" minvalue="0" varname="SCORE" vartype="Decimal"/>
          </outcomes>
          <respcondition continue="No">
            <conditionvar>
              <varequal respident="response1">32559</varequal>
            </conditionvar>
            <setvar action="Set" varname="SCORE">100</setvar>
          </respcondition>
        </resprocessing>
      </item>
      <item ident="g3b72d77304fb9ac02a546057bf530bb0" title="What characterizes t">
        <itemmetadata>
          <qtimetadata>
            <qtimetadatafield>
              <fieldlabel>question_type</fieldlabel>
              <fieldentry>multiple_choice_question</fieldentry>
            </qtimetadatafield>
            <qtimetadatafield>
              <fieldlabel>points_possible</fieldlabel>
              <fieldentry>10.0</fieldentry>
            </qtimetadatafield>
            <qtimetadatafield>
              <fieldlabel>original_answer_ids</fieldlabel>
              <fieldentry>85972,54175,19918,1051</fieldentry>
            </qtimetadatafield>
            <qtimetadatafield>
              <fieldlabel>assessment_question_identifierref</fieldlabel>
              <fieldentry>g3687c7cd9eec149fb8620c39e965c4e0</fieldentry>
            </qtimetadatafield>
          </qtimetadata>
        </itemmetadata>
        <presentation>
          <material>
            <mattext texttype="text/html">&lt;div&gt;What characterizes those most likely to vote in the next election?&lt;/div&gt;</mattext>
          </material>
          <response_lid ident="response1" rcardinality="Single">
            <render_choice>
              <response_label ident="85972">
                <material>
                  <mattext texttype="text/plain">over forty-five years old</mattext>
                </material>
              </response_label>
              <response_label ident="54175">
                <material>
                  <mattext texttype="text/plain">income under $30,000</mattext>
                </material>
              </response_label>
              <response_label ident="19918">
                <material>
                  <mattext texttype="text/plain">high school education or less</mattext>
                </material>
              </response_label>
              <response_label ident="1051">
                <material>
                  <mattext texttype="text/plain">residency in the South</mattext>
                </material>
              </response_label>
            </render_choice>
          </response_lid>
        </presentation>
        <resprocessing>
          <outcomes>
            <decvar maxvalue="100" minvalue="0" varname="SCORE" vartype="Decimal"/>
          </outcomes>
          <respcondition continue="No">
            <conditionvar>
              <varequal respident="response1">85972</varequal>
            </conditionvar>
            <setvar action="Set" varname="SCORE">100</setvar>
          </respcondition>
        </resprocessing>
      </item>
      <item ident="ge84375692e151b3304251cefc2385fe6" title="What unusual step di">
        <itemmetadata>
          <qtimetadata>
            <qtimetadatafield>
              <fieldlabel>question_type</fieldlabel>
              <fieldentry>multiple_choice_question</fieldentry>
            </qtimetadatafield>
            <qtimetadatafield>
              <fieldlabel>points_possible</fieldlabel>
              <fieldentry>10.0</fieldentry>
            </qtimetadatafield>
            <qtimetadatafield>
              <fieldlabel>original_answer_ids</fieldlabel>
              <fieldentry>10004,21565,38982,34046</fieldentry>
            </qtimetadatafield>
            <qtimetadatafield>
              <fieldlabel>assessment_question_identifierref</fieldlabel>
              <fieldentry>g0e6395300149103a4112e8ce40a6b266</fieldentry>
            </qtimetadatafield>
          </qtimetadata>
        </itemmetadata>
        <presentation>
          <material>
            <mattext texttype="text/html">&lt;div&gt;What unusual step did Oregon take to increase voter registration?&lt;/div&gt;</mattext>
          </material>
          <response_lid ident="response1" rcardinality="Single">
            <render_choice>
              <response_label ident="10004">
                <material>
                  <mattext texttype="text/plain">The state automatically registers all citizens over eighteen to vote.</mattext>
                </material>
              </response_label>
              <response_label ident="21565">
                <material>
                  <mattext texttype="text/plain">The state ended voter registration.</mattext>
                </material>
              </response_label>
              <response_label ident="38982">
                <material>
                  <mattext texttype="text/plain">The state sends every resident a voter registration ballot.</mattext>
                </material>
              </response_label>
              <response_label ident="34046">
                <material>
                  <mattext texttype="text/plain">The state allows online voter registration.</mattext>
                </material>
              </response_label>
            </render_choice>
          </response_lid>
        </presentation>
        <resprocessing>
          <outcomes>
            <decvar maxvalue="100" minvalue="0" varname="SCORE" vartype="Decimal"/>
          </outcomes>
          <respcondition continue="No">
            <conditionvar>
              <varequal respident="response1">10004</varequal>
            </conditionvar>
            <setvar action="Set" varname="SCORE">100</setvar>
          </respcondition>
        </resprocessing>
      </item>
      <item ident="g9cf425bd96f9e41166e1c97bd00bb18a" title="Which factor is most">
        <itemmetadata>
          <qtimetadata>
            <qtimetadatafield>
              <fieldlabel>question_type</fieldlabel>
              <fieldentry>multiple_choice_question</fieldentry>
            </qtimetadatafield>
            <qtimetadatafield>
              <fieldlabel>points_possible</fieldlabel>
              <fieldentry>10.0</fieldentry>
            </qtimetadatafield>
            <qtimetadatafield>
              <fieldlabel>original_answer_ids</fieldlabel>
              <fieldentry>65120,59439,42522,80748</fieldentry>
            </qtimetadatafield>
            <qtimetadatafield>
              <fieldlabel>assessment_question_identifierref</fieldlabel>
              <fieldentry>g48c7059f0faa25d1eb796f8f5623daa8</fieldentry>
            </qtimetadatafield>
          </qtimetadata>
        </itemmetadata>
        <presentation>
          <material>
            <mattext texttype="text/html">&lt;div&gt;Which factor is most likely to lead to the incumbency advantage for a candidate?&lt;/div&gt;</mattext>
          </material>
          <response_lid ident="response1" rcardinality="Single">
            <render_choice>
              <response_label ident="65120">
                <material>
                  <mattext texttype="text/plain">candidateâ€™s socioeconomic status</mattext>
                </material>
              </response_label>
              <response_label ident="59439">
                <material>
                  <mattext texttype="text/plain">gerrymandering of the candidateâ€™s district</mattext>
                </material>
              </response_label>
              <response_label ident="42522">
                <material>
                  <mattext texttype="text/plain">medias support of the candidate</mattext>
                </material>
              </response_label>
              <response_label ident="80748">
                <material>
                  <mattext texttype="text/plain">candidates political party</mattext>
                </material>
              </response_label>
            </render_choice>
          </response_lid>
        </presentation>
        <resprocessing>
          <outcomes>
            <decvar maxvalue="100" minvalue="0" varname="SCORE" vartype="Decimal"/>
          </outcomes>
          <respcondition continue="No">
            <conditionvar>
              <varequal respident="response1">59439</varequal>
            </conditionvar>
            <setvar action="Set" varname="SCORE">100</setvar>
          </respcondition>
        </resprocessing>
      </item>
      <item ident="gab8dc2fbd6b6532f2acfce583f326d3a" title="Which of the followi">
        <itemmetadata>
          <qtimetadata>
            <qtimetadatafield>
              <fieldlabel>question_type</fieldlabel>
              <fieldentry>multiple_choice_question</fieldentry>
            </qtimetadatafield>
            <qtimetadatafield>
              <fieldlabel>points_possible</fieldlabel>
              <fieldentry>10.0</fieldentry>
            </qtimetadatafield>
            <qtimetadatafield>
              <fieldlabel>original_answer_ids</fieldlabel>
              <fieldentry>50931,19959,87845,85692</fieldentry>
            </qtimetadatafield>
            <qtimetadatafield>
              <fieldlabel>assessment_question_identifierref</fieldlabel>
              <fieldentry>gcfd01ede6396bff422d22a6ef47df72d</fieldentry>
            </qtimetadatafield>
          </qtimetadata>
        </itemmetadata>
        <presentation>
          <material>
            <mattext texttype="text/html">&lt;div&gt;Which of the following makes it easy for a citizen to register to vote?&lt;/div&gt;</mattext>
          </material>
          <response_lid ident="response1" rcardinality="Single">
            <render_choice>
              <response_label ident="50931">
                <material>
                  <mattext texttype="text/plain">grandfather clause</mattext>
                </material>
              </response_label>
              <response_label ident="19959">
                <material>
                  <mattext texttype="text/plain">lengthy residency requirement</mattext>
                </material>
              </response_label>
              <response_label ident="87845">
                <material>
                  <mattext texttype="text/plain">National Voter Registration Act</mattext>
                </material>
              </response_label>
              <response_label ident="85692">
                <material>
                  <mattext texttype="text/plain">competency requirement</mattext>
                </material>
              </response_label>
            </render_choice>
          </response_lid>
        </presentation>
        <resprocessing>
          <outcomes>
            <decvar maxvalue="100" minvalue="0" varname="SCORE" vartype="Decimal"/>
          </outcomes>
          <respcondition continue="No">
            <conditionvar>
              <varequal respident="response1">87845</varequal>
            </conditionvar>
            <setvar action="Set" varname="SCORE">100</setvar>
          </respcondition>
        </resprocessing>
      </item>
      <item ident="gfceee3be57135bd812e0886953e78e12" title="Why do Belgium, Turk">
        <itemmetadata>
          <qtimetadata>
            <qtimetadatafield>
              <fieldlabel>question_type</fieldlabel>
              <fieldentry>multiple_choice_question</fieldentry>
            </qtimetadatafield>
            <qtimetadatafield>
              <fieldlabel>points_possible</fieldlabel>
              <fieldentry>10.0</fieldentry>
            </qtimetadatafield>
            <qtimetadatafield>
              <fieldlabel>original_answer_ids</fieldlabel>
              <fieldentry>11648,53464,47111,52742</fieldentry>
            </qtimetadatafield>
            <qtimetadatafield>
              <fieldlabel>assessment_question_identifierref</fieldlabel>
              <fieldentry>g5d21083d890e7ce0c50b1a591d94171f</fieldentry>
            </qtimetadatafield>
          </qtimetadata>
        </itemmetadata>
        <presentation>
          <material>
            <mattext texttype="text/html">&lt;div&gt;Why do Belgium, Turkey, and Australia have higher voter turnout rates than the United States?&lt;/div&gt;</mattext>
          </material>
          <response_lid ident="response1" rcardinality="Single">
            <render_choice>
              <response_label ident="11648">
                <material>
                  <mattext texttype="text/plain">compulsory voting laws</mattext>
                </material>
              </response_label>
              <response_label ident="53464">
                <material>
                  <mattext texttype="text/plain">more elections</mattext>
                </material>
              </response_label>
              <response_label ident="47111">
                <material>
                  <mattext texttype="text/plain">fewer registration laws</mattext>
                </material>
              </response_label>
              <response_label ident="52742">
                <material>
                  <mattext texttype="text/plain">more polling locations</mattext>
                </material>
              </response_label>
            </render_choice>
          </response_lid>
        </presentation>
        <resprocessing>
          <outcomes>
            <decvar maxvalue="100" minvalue="0" varname="SCORE" vartype="Decimal"/>
          </outcomes>
          <respcondition continue="No">
            <conditionvar>
              <varequal respident="response1">11648</varequal>
            </conditionvar>
            <setvar action="Set" varname="SCORE">100</setvar>
          </respcondition>
        </resprocessing>
      </item>
      <item ident="g073ecc17d5350af6a8060ec2f78684a8" title="Where and when do El">
        <itemmetadata>
          <qtimetadata>
            <qtimetadatafield>
              <fieldlabel>question_type</fieldlabel>
              <fieldentry>multiple_choice_question</fieldentry>
            </qtimetadatafield>
            <qtimetadatafield>
              <fieldlabel>points_possible</fieldlabel>
              <fieldentry>10.0</fieldentry>
            </qtimetadatafield>
            <qtimetadatafield>
              <fieldlabel>original_answer_ids</fieldlabel>
              <fieldentry>59938,65756,23515,54837</fieldentry>
            </qtimetadatafield>
            <qtimetadatafield>
              <fieldlabel>assessment_question_identifierref</fieldlabel>
              <fieldentry>gebc2e506155bf3c51d4f959016d8c582</fieldentry>
            </qtimetadatafield>
          </qtimetadata>
        </itemmetadata>
        <presentation>
          <material>
            <mattext texttype="text/html">&lt;div&gt;Where and when do Electoral College electors vote?&lt;/div&gt;</mattext>
          </material>
          <response_lid ident="response1" rcardinality="Single">
            <render_choice>
              <response_label ident="59938">
                <material>
                  <mattext texttype="text/plain">at their precinct, on Election Day</mattext>
                </material>
              </response_label>
              <response_label ident="65756">
                <material>
                  <mattext texttype="text/plain">at their state capitol, on Election Day</mattext>
                </material>
              </response_label>
              <response_label ident="23515">
                <material>
                  <mattext texttype="text/plain">in their state capitol, in December</mattext>
                </material>
              </response_label>
              <response_label ident="54837">
                <material>
                  <mattext texttype="text/plain">in Washington D.C., in December</mattext>
                </material>
              </response_label>
            </render_choice>
          </response_lid>
        </presentation>
        <resprocessing>
          <outcomes>
            <decvar maxvalue="100" minvalue="0" varname="SCORE" vartype="Decimal"/>
          </outcomes>
          <respcondition continue="No">
            <conditionvar>
              <varequal respident="response1">23515</varequal>
            </conditionvar>
            <setvar action="Set" varname="SCORE">100</setvar>
          </respcondition>
        </resprocessing>
      </item>
      <item ident="g7d1cd7602f81e761718418ae415dc16d" title="Question">
        <itemmetadata>
          <qtimetadata>
            <qtimetadatafield>
              <fieldlabel>question_type</fieldlabel>
              <fieldentry>multiple_choice_question</fieldentry>
            </qtimetadatafield>
            <qtimetadatafield>
              <fieldlabel>points_possible</fieldlabel>
              <fieldentry>10.0</fieldentry>
            </qtimetadatafield>
            <qtimetadatafield>
              <fieldlabel>original_answer_ids</fieldlabel>
              <fieldentry>87456,10825,79213,37739</fieldentry>
            </qtimetadatafield>
            <qtimetadatafield>
              <fieldlabel>assessment_question_identifierref</fieldlabel>
              <fieldentry>g971e29c0b4d5b059ff85c49bb99d8342</fieldentry>
            </qtimetadatafield>
          </qtimetadata>
        </itemmetadata>
        <presentation>
          <material>
            <mattext texttype="text/html">&lt;div&gt;In most states, electors cast their ballots for the candidate who won the plurality of votes in their state (i.e. a winner-take-all system) with the exception of which states?&amp;nbsp;&amp;nbsp;&lt;/div&gt;</mattext>
          </material>
          <response_lid ident="response1" rcardinality="Single">
            <render_choice>
              <response_label ident="87456">
                <material>
                  <mattext texttype="text/plain">Georgia and Florida</mattext>
                </material>
              </response_label>
              <response_label ident="10825">
                <material>
                  <mattext texttype="text/plain">Texas and Oklahoma</mattext>
                </material>
              </response_label>
              <response_label ident="79213">
                <material>
                  <mattext texttype="text/plain">Maine and Nebraska</mattext>
                </material>
              </response_label>
              <response_label ident="37739">
                <material>
                  <mattext texttype="text/plain">Hawaii and Alaska</mattext>
                </material>
              </response_label>
            </render_choice>
          </response_lid>
        </presentation>
        <resprocessing>
          <outcomes>
            <decvar maxvalue="100" minvalue="0" varname="SCORE" vartype="Decimal"/>
          </outcomes>
          <respcondition continue="No">
            <conditionvar>
              <varequal respident="response1">79213</varequal>
            </conditionvar>
            <setvar action="Set" varname="SCORE">100</setvar>
          </respcondition>
        </resprocessing>
      </item>
    </section>
  </assessment>
</questestinterop>
