<?xml version="1.0" encoding="UTF-8"?>
<questestinterop xmlns="http://www.imsglobal.org/xsd/ims_qtiasiv1p2" xmlns:xsi="http://www.w3.org/2001/XMLSchema-instance" xsi:schemaLocation="http://www.imsglobal.org/xsd/ims_qtiasiv1p2 http://www.imsglobal.org/xsd/ims_qtiasiv1p2p1.xsd">
  <assessment ident="gd31431dfe4e191dcfcabf5badc4d65ca" title="Chapter 12 Reading Quiz">
    <qtimetadata>
      <qtimetadatafield>
        <fieldlabel>qmd_timelimit</fieldlabel>
        <fieldentry>30</fieldentry>
      </qtimetadatafield>
      <qtimetadatafield>
        <fieldlabel>cc_maxattempts</fieldlabel>
        <fieldentry>1</fieldentry>
      </qtimetadatafield>
    </qtimetadata>
    <section ident="root_section">
      <item ident="g96f5bee48ccc9e14ecfcbfd701e3dd3d" title="A very challenging j">
        <itemmetadata>
          <qtimetadata>
            <qtimetadatafield>
              <fieldlabel>question_type</fieldlabel>
              <fieldentry>multiple_choice_question</fieldentry>
            </qtimetadatafield>
            <qtimetadatafield>
              <fieldlabel>points_possible</fieldlabel>
              <fieldentry>10.0</fieldentry>
            </qtimetadatafield>
            <qtimetadatafield>
              <fieldlabel>original_answer_ids</fieldlabel>
              <fieldentry>95597,2878,76879,37231</fieldentry>
            </qtimetadatafield>
            <qtimetadatafield>
              <fieldlabel>assessment_question_identifierref</fieldlabel>
              <fieldentry>g75e2ad423297d920433d533d6c88e262</fieldentry>
            </qtimetadatafield>
          </qtimetadata>
        </itemmetadata>
        <presentation>
          <material>
            <mattext texttype="text/html">&lt;div&gt;A very challenging job for new presidents is to ______.&lt;/div&gt;</mattext>
          </material>
          <response_lid ident="response1" rcardinality="Single">
            <render_choice>
              <response_label ident="95597">
                <material>
                  <mattext texttype="text/plain">move into the White House</mattext>
                </material>
              </response_label>
              <response_label ident="2878">
                <material>
                  <mattext texttype="text/plain">prepare and deliver their first State of the Union address</mattext>
                </material>
              </response_label>
              <response_label ident="76879">
                <material>
                  <mattext texttype="text/plain">nominate and gain confirmation for their cabinet and hundreds of other officials</mattext>
                </material>
              </response_label>
              <response_label ident="37231">
                <material>
                  <mattext texttype="text/plain">prepare their first executive budget</mattext>
                </material>
              </response_label>
            </render_choice>
          </response_lid>
        </presentation>
        <resprocessing>
          <outcomes>
            <decvar maxvalue="100" minvalue="0" varname="SCORE" vartype="Decimal"/>
          </outcomes>
          <respcondition continue="No">
            <conditionvar>
              <varequal respident="response1">76879</varequal>
            </conditionvar>
            <setvar action="Set" varname="SCORE">100</setvar>
          </respcondition>
        </resprocessing>
      </item>
      <item ident="gd1f825192ca6c6a65e23eb00732c99a8" title="President Theodore R">
        <itemmetadata>
          <qtimetadata>
            <qtimetadatafield>
              <fieldlabel>question_type</fieldlabel>
              <fieldentry>multiple_choice_question</fieldentry>
            </qtimetadatafield>
            <qtimetadatafield>
              <fieldlabel>points_possible</fieldlabel>
              <fieldentry>10.0</fieldentry>
            </qtimetadatafield>
            <qtimetadatafield>
              <fieldlabel>original_answer_ids</fieldlabel>
              <fieldentry>1353,94992,94793,45885</fieldentry>
            </qtimetadatafield>
            <qtimetadatafield>
              <fieldlabel>assessment_question_identifierref</fieldlabel>
              <fieldentry>gcec97835046ab63a2f4e26c1beeecb92</fieldentry>
            </qtimetadatafield>
          </qtimetadata>
        </itemmetadata>
        <presentation>
          <material>
            <mattext texttype="text/html">&lt;div&gt;President Theodore Rooseveltâ€™s concept of the bully pulpit was the officeâ€™s ________.&lt;/div&gt;</mattext>
          </material>
          <response_lid ident="response1" rcardinality="Single">
            <render_choice>
              <response_label ident="1353">
                <material>
                  <mattext texttype="text/plain">authority to use force, especially military force</mattext>
                </material>
              </response_label>
              <response_label ident="94992">
                <material>
                  <mattext texttype="text/plain">constitutional power to veto legislation</mattext>
                </material>
              </response_label>
              <response_label ident="94793">
                <material>
                  <mattext texttype="text/plain">premier position to pressure through public appeal</mattext>
                </material>
              </response_label>
              <response_label ident="45885">
                <material>
                  <mattext texttype="text/plain">ability to use technology to enhance the voice of the president</mattext>
                </material>
              </response_label>
            </render_choice>
          </response_lid>
        </presentation>
        <resprocessing>
          <outcomes>
            <decvar maxvalue="100" minvalue="0" varname="SCORE" vartype="Decimal"/>
          </outcomes>
          <respcondition continue="No">
            <conditionvar>
              <varequal respident="response1">94793</varequal>
            </conditionvar>
            <setvar action="Set" varname="SCORE">100</setvar>
          </respcondition>
        </resprocessing>
      </item>
      <item ident="g81ce733b25d65be394a6373ac594724f" title="The passage of the T">
        <itemmetadata>
          <qtimetadata>
            <qtimetadatafield>
              <fieldlabel>question_type</fieldlabel>
              <fieldentry>multiple_choice_question</fieldentry>
            </qtimetadatafield>
            <qtimetadatafield>
              <fieldlabel>points_possible</fieldlabel>
              <fieldentry>10.0</fieldentry>
            </qtimetadatafield>
            <qtimetadatafield>
              <fieldlabel>original_answer_ids</fieldlabel>
              <fieldentry>26528,27173,32405,43900</fieldentry>
            </qtimetadatafield>
            <qtimetadatafield>
              <fieldlabel>assessment_question_identifierref</fieldlabel>
              <fieldentry>ga91f89c03b7ff9b18ca43bbf8e1e5048</fieldentry>
            </qtimetadatafield>
          </qtimetadata>
        </itemmetadata>
        <presentation>
          <material>
            <mattext texttype="text/html">&lt;div&gt;The passage of the Tenure of Office Act of 1867 was just one instance in a long line of ________.&lt;/div&gt;</mattext>
          </material>
          <response_lid ident="response1" rcardinality="Single">
            <render_choice>
              <response_label ident="26528">
                <material>
                  <mattext texttype="text/plain">struggles for power between the president and the Congress</mattext>
                </material>
              </response_label>
              <response_label ident="27173">
                <material>
                  <mattext texttype="text/plain">unconstitutional presidential power grabbing</mattext>
                </material>
              </response_label>
              <response_label ident="32405">
                <material>
                  <mattext texttype="text/plain">impeachment trials</mattext>
                </material>
              </response_label>
              <response_label ident="43900">
                <material>
                  <mattext texttype="text/plain">arguments over presidential policy</mattext>
                </material>
              </response_label>
            </render_choice>
          </response_lid>
        </presentation>
        <resprocessing>
          <outcomes>
            <decvar maxvalue="100" minvalue="0" varname="SCORE" vartype="Decimal"/>
          </outcomes>
          <respcondition continue="No">
            <conditionvar>
              <varequal respident="response1">26528</varequal>
            </conditionvar>
            <setvar action="Set" varname="SCORE">100</setvar>
          </respcondition>
        </resprocessing>
      </item>
      <item ident="g01da8330b3daa5ea185fcf7788a2b18f" title="The people who make">
        <itemmetadata>
          <qtimetadata>
            <qtimetadatafield>
              <fieldlabel>question_type</fieldlabel>
              <fieldentry>multiple_choice_question</fieldentry>
            </qtimetadatafield>
            <qtimetadatafield>
              <fieldlabel>points_possible</fieldlabel>
              <fieldentry>10.0</fieldentry>
            </qtimetadatafield>
            <qtimetadatafield>
              <fieldlabel>original_answer_ids</fieldlabel>
              <fieldentry>46011,44037,95407,42011</fieldentry>
            </qtimetadatafield>
            <qtimetadatafield>
              <fieldlabel>assessment_question_identifierref</fieldlabel>
              <fieldentry>ge60a73ecc9d2a340b4ad9819db9003dc</fieldentry>
            </qtimetadatafield>
          </qtimetadata>
        </itemmetadata>
        <presentation>
          <material>
            <mattext texttype="text/html">&lt;div&gt;The people who make up the modern presidentâ€™s cabinet are the heads of the major federal departments and ________.&lt;/div&gt;</mattext>
          </material>
          <response_lid ident="response1" rcardinality="Single">
            <render_choice>
              <response_label ident="46011">
                <material>
                  <mattext texttype="text/plain">must be confirmed by the Senate</mattext>
                </material>
              </response_label>
              <response_label ident="44037">
                <material>
                  <mattext texttype="text/plain">once in office are subject to dismissal by the Senate</mattext>
                </material>
              </response_label>
              <response_label ident="95407">
                <material>
                  <mattext texttype="text/plain">serve two-year terms</mattext>
                </material>
              </response_label>
              <response_label ident="42011">
                <material>
                  <mattext texttype="text/plain">are selected base on the rules of patronage</mattext>
                </material>
              </response_label>
            </render_choice>
          </response_lid>
        </presentation>
        <resprocessing>
          <outcomes>
            <decvar maxvalue="100" minvalue="0" varname="SCORE" vartype="Decimal"/>
          </outcomes>
          <respcondition continue="No">
            <conditionvar>
              <varequal respident="response1">46011</varequal>
            </conditionvar>
            <setvar action="Set" varname="SCORE">100</setvar>
          </respcondition>
        </resprocessing>
      </item>
      <item ident="g500f1e6d90fa3d882c0bd5ac641764f0" title="Which of the followi">
        <itemmetadata>
          <qtimetadata>
            <qtimetadatafield>
              <fieldlabel>question_type</fieldlabel>
              <fieldentry>multiple_choice_question</fieldentry>
            </qtimetadatafield>
            <qtimetadatafield>
              <fieldlabel>points_possible</fieldlabel>
              <fieldentry>10.0</fieldentry>
            </qtimetadatafield>
            <qtimetadatafield>
              <fieldlabel>original_answer_ids</fieldlabel>
              <fieldentry>81967,53181,19096,9196</fieldentry>
            </qtimetadatafield>
            <qtimetadatafield>
              <fieldlabel>assessment_question_identifierref</fieldlabel>
              <fieldentry>g9f6979588db919f73b02338c474cc46f</fieldentry>
            </qtimetadatafield>
          </qtimetadata>
        </itemmetadata>
        <presentation>
          <material>
            <mattext texttype="text/html">&lt;div&gt;Which of the following is a way George Washington expanded the power of the presidency?&lt;/div&gt;</mattext>
          </material>
          <response_lid ident="response1" rcardinality="Single">
            <render_choice>
              <response_label ident="81967">
                <material>
                  <mattext texttype="text/plain">He refused to run again after serving two terms.</mattext>
                </material>
              </response_label>
              <response_label ident="53181">
                <material>
                  <mattext texttype="text/plain">He appointed the heads of various federal departments as his own advisors.</mattext>
                </material>
              </response_label>
              <response_label ident="19096">
                <material>
                  <mattext texttype="text/plain">He worked with the Senate to draft treaties with foreign countries.</mattext>
                </material>
              </response_label>
              <response_label ident="9196">
                <material>
                  <mattext texttype="text/plain">He submitted his neutrality proclamation to the Senate for approval.</mattext>
                </material>
              </response_label>
            </render_choice>
          </response_lid>
        </presentation>
        <resprocessing>
          <outcomes>
            <decvar maxvalue="100" minvalue="0" varname="SCORE" vartype="Decimal"/>
          </outcomes>
          <respcondition continue="No">
            <conditionvar>
              <varequal respident="response1">53181</varequal>
            </conditionvar>
            <setvar action="Set" varname="SCORE">100</setvar>
          </respcondition>
        </resprocessing>
      </item>
      <item ident="g1ea3ccb721777a39815bb43976eb408e" title="Which of the followi 3">
        <itemmetadata>
          <qtimetadata>
            <qtimetadatafield>
              <fieldlabel>question_type</fieldlabel>
              <fieldentry>multiple_choice_question</fieldentry>
            </qtimetadatafield>
            <qtimetadatafield>
              <fieldlabel>points_possible</fieldlabel>
              <fieldentry>10.0</fieldentry>
            </qtimetadatafield>
            <qtimetadatafield>
              <fieldlabel>original_answer_ids</fieldlabel>
              <fieldentry>83415,65715,33667,41729</fieldentry>
            </qtimetadatafield>
            <qtimetadatafield>
              <fieldlabel>assessment_question_identifierref</fieldlabel>
              <fieldentry>g7d7874c0454fed6389fd19ca67c1d734</fieldentry>
            </qtimetadatafield>
          </qtimetadata>
        </itemmetadata>
        <presentation>
          <material>
            <mattext texttype="text/html">&lt;div&gt;Which of the following is an example of an executive agreement?&lt;/div&gt;</mattext>
          </material>
          <response_lid ident="response1" rcardinality="Single">
            <render_choice>
              <response_label ident="83415">
                <material>
                  <mattext texttype="text/plain">The president negotiates an agreement with China and submits it to the Senate for ratification.</mattext>
                </material>
              </response_label>
              <response_label ident="65715">
                <material>
                  <mattext texttype="text/plain">The president changes a regulation on undocumented immigrant status without congressional approval.</mattext>
                </material>
              </response_label>
              <response_label ident="33667">
                <material>
                  <mattext texttype="text/plain">The president signs legally binding nuclear arms terms with Iran without seeking congressional approval.</mattext>
                </material>
              </response_label>
              <response_label ident="41729">
                <material>
                  <mattext texttype="text/plain">The president issues recommendations to the Department of Justice on what the meaning of a new criminal statute is.</mattext>
                </material>
              </response_label>
            </render_choice>
          </response_lid>
        </presentation>
        <resprocessing>
          <outcomes>
            <decvar maxvalue="100" minvalue="0" varname="SCORE" vartype="Decimal"/>
          </outcomes>
          <respcondition continue="No">
            <conditionvar>
              <varequal respident="response1">33667</varequal>
            </conditionvar>
            <setvar action="Set" varname="SCORE">100</setvar>
          </respcondition>
        </resprocessing>
      </item>
      <item ident="ga27d629c39448527795e01ea0424e546" title="Question">
        <itemmetadata>
          <qtimetadata>
            <qtimetadatafield>
              <fieldlabel>question_type</fieldlabel>
              <fieldentry>multiple_choice_question</fieldentry>
            </qtimetadatafield>
            <qtimetadatafield>
              <fieldlabel>points_possible</fieldlabel>
              <fieldentry>10.0</fieldentry>
            </qtimetadatafield>
            <qtimetadatafield>
              <fieldlabel>original_answer_ids</fieldlabel>
              <fieldentry>10906,22784,90844,71825</fieldentry>
            </qtimetadatafield>
            <qtimetadatafield>
              <fieldlabel>assessment_question_identifierref</fieldlabel>
              <fieldentry>ge5d73ab94b8f26e08c858c8e24f74f91</fieldentry>
            </qtimetadatafield>
          </qtimetadata>
        </itemmetadata>
        <presentation>
          <material>
            <mattext texttype="text/html">&lt;div&gt;______________ is the act of charging a government official with serious wrongdoing; the Constitution calls this wrongdoing high crimes and misdemeanors. The&lt;/div&gt;</mattext>
          </material>
          <response_lid ident="response1" rcardinality="Single">
            <render_choice>
              <response_label ident="10906">
                <material>
                  <mattext texttype="text/plain">Indictment</mattext>
                </material>
              </response_label>
              <response_label ident="22784">
                <material>
                  <mattext texttype="text/plain">Impeachment</mattext>
                </material>
              </response_label>
              <response_label ident="90844">
                <material>
                  <mattext texttype="text/plain">Perjury</mattext>
                </material>
              </response_label>
              <response_label ident="71825">
                <material>
                  <mattext texttype="text/plain">Pleading</mattext>
                </material>
              </response_label>
            </render_choice>
          </response_lid>
        </presentation>
        <resprocessing>
          <outcomes>
            <decvar maxvalue="100" minvalue="0" varname="SCORE" vartype="Decimal"/>
          </outcomes>
          <respcondition continue="No">
            <conditionvar>
              <varequal respident="response1">22784</varequal>
            </conditionvar>
            <setvar action="Set" varname="SCORE">100</setvar>
          </respcondition>
        </resprocessing>
      </item>
      <item ident="gc0c4ee21af60dc51a25067091fcf9ab9" title="Question">
        <itemmetadata>
          <qtimetadata>
            <qtimetadatafield>
              <fieldlabel>question_type</fieldlabel>
              <fieldentry>multiple_choice_question</fieldentry>
            </qtimetadatafield>
            <qtimetadatafield>
              <fieldlabel>points_possible</fieldlabel>
              <fieldentry>10.0</fieldentry>
            </qtimetadatafield>
            <qtimetadatafield>
              <fieldlabel>original_answer_ids</fieldlabel>
              <fieldentry>11839,69524,50275,13347</fieldentry>
            </qtimetadatafield>
            <qtimetadatafield>
              <fieldlabel>assessment_question_identifierref</fieldlabel>
              <fieldentry>g0d66b78e11028080b9c6824622483b7c</fieldentry>
            </qtimetadatafield>
          </qtimetadata>
        </itemmetadata>
        <presentation>
          <material>
            <mattext texttype="text/html">&lt;div&gt;How many President have faced impeachment proceedings?&amp;nbsp;&lt;/div&gt;</mattext>
          </material>
          <response_lid ident="response1" rcardinality="Single">
            <render_choice>
              <response_label ident="11839">
                <material>
                  <mattext texttype="text/plain">1</mattext>
                </material>
              </response_label>
              <response_label ident="69524">
                <material>
                  <mattext texttype="text/plain">2</mattext>
                </material>
              </response_label>
              <response_label ident="50275">
                <material>
                  <mattext texttype="text/plain">3</mattext>
                </material>
              </response_label>
              <response_label ident="13347">
                <material>
                  <mattext texttype="text/plain">4</mattext>
                </material>
              </response_label>
            </render_choice>
          </response_lid>
        </presentation>
        <resprocessing>
          <outcomes>
            <decvar maxvalue="100" minvalue="0" varname="SCORE" vartype="Decimal"/>
          </outcomes>
          <respcondition continue="No">
            <conditionvar>
              <varequal respident="response1">13347</varequal>
            </conditionvar>
            <setvar action="Set" varname="SCORE">100</setvar>
          </respcondition>
        </resprocessing>
      </item>
      <item ident="g3d804a51e4fdec10ac63603e2447b656" title="Question">
        <itemmetadata>
          <qtimetadata>
            <qtimetadatafield>
              <fieldlabel>question_type</fieldlabel>
              <fieldentry>multiple_choice_question</fieldentry>
            </qtimetadatafield>
            <qtimetadatafield>
              <fieldlabel>points_possible</fieldlabel>
              <fieldentry>10.0</fieldentry>
            </qtimetadatafield>
            <qtimetadatafield>
              <fieldlabel>original_answer_ids</fieldlabel>
              <fieldentry>23158,87332,74242,41895</fieldentry>
            </qtimetadatafield>
            <qtimetadatafield>
              <fieldlabel>assessment_question_identifierref</fieldlabel>
              <fieldentry>gd622bfdccf14e98cd311d438dac01916</fieldentry>
            </qtimetadatafield>
          </qtimetadata>
        </itemmetadata>
        <presentation>
          <material>
            <mattext texttype="text/html">&lt;div&gt;&lt;span&gt;What was the power created through law in 1996 and overturned by the Supreme Court in 1998 that allowed the president to veto specific aspects of bills passed by Congress while signing into law what remained?&lt;/span&gt;&lt;/div&gt;</mattext>
          </material>
          <response_lid ident="response1" rcardinality="Single">
            <render_choice>
              <response_label ident="23158">
                <material>
                  <mattext texttype="text/plain">line-item veto</mattext>
                </material>
              </response_label>
              <response_label ident="87332">
                <material>
                  <mattext texttype="text/plain">post adjournment veto</mattext>
                </material>
              </response_label>
              <response_label ident="74242">
                <material>
                  <mattext texttype="text/plain">post session approval</mattext>
                </material>
              </response_label>
              <response_label ident="41895">
                <material>
                  <mattext texttype="text/plain">impeachment</mattext>
                </material>
              </response_label>
            </render_choice>
          </response_lid>
        </presentation>
        <resprocessing>
          <outcomes>
            <decvar maxvalue="100" minvalue="0" varname="SCORE" vartype="Decimal"/>
          </outcomes>
          <respcondition continue="No">
            <conditionvar>
              <varequal respident="response1">23158</varequal>
            </conditionvar>
            <setvar action="Set" varname="SCORE">100</setvar>
          </respcondition>
        </resprocessing>
      </item>
      <item ident="g1109fc270b680e850eb53ebf579230a7" title="Question">
        <itemmetadata>
          <qtimetadata>
            <qtimetadatafield>
              <fieldlabel>question_type</fieldlabel>
              <fieldentry>multiple_choice_question</fieldentry>
            </qtimetadatafield>
            <qtimetadatafield>
              <fieldlabel>points_possible</fieldlabel>
              <fieldentry>10.0</fieldentry>
            </qtimetadatafield>
            <qtimetadatafield>
              <fieldlabel>original_answer_ids</fieldlabel>
              <fieldentry>16059,54041,10615,90447</fieldentry>
            </qtimetadatafield>
            <qtimetadatafield>
              <fieldlabel>assessment_question_identifierref</fieldlabel>
              <fieldentry>g1c1ae9f298375be415954328c9e1047e</fieldentry>
            </qtimetadatafield>
          </qtimetadata>
        </itemmetadata>
        <presentation>
          <material>
            <mattext texttype="text/html">&lt;div&gt;What is the President's right to withhold information from Congress, the judiciary, or the public called?&amp;nbsp;&lt;/div&gt;</mattext>
          </material>
          <response_lid ident="response1" rcardinality="Single">
            <render_choice>
              <response_label ident="16059">
                <material>
                  <mattext texttype="text/plain">executive order</mattext>
                </material>
              </response_label>
              <response_label ident="54041">
                <material>
                  <mattext texttype="text/plain">executive privilege</mattext>
                </material>
              </response_label>
              <response_label ident="10615">
                <material>
                  <mattext texttype="text/plain">executive club</mattext>
                </material>
              </response_label>
              <response_label ident="90447">
                <material>
                  <mattext texttype="text/plain">special status</mattext>
                </material>
              </response_label>
            </render_choice>
          </response_lid>
        </presentation>
        <resprocessing>
          <outcomes>
            <decvar maxvalue="100" minvalue="0" varname="SCORE" vartype="Decimal"/>
          </outcomes>
          <respcondition continue="No">
            <conditionvar>
              <varequal respident="response1">54041</varequal>
            </conditionvar>
            <setvar action="Set" varname="SCORE">100</setvar>
          </respcondition>
        </resprocessing>
      </item>
    </section>
  </assessment>
</questestinterop>
