<?xml version="1.0" encoding="UTF-8"?>
<quiz identifier="g29642f8483f810df2bba12ab3fd4fbcf" xmlns="http://canvas.instructure.com/xsd/cccv1p0" xmlns:xsi="http://www.w3.org/2001/XMLSchema-instance" xsi:schemaLocation="http://canvas.instructure.com/xsd/cccv1p0 https://canvas.instructure.com/xsd/cccv1p0.xsd">
  <title>Chapter 5 Reading Quiz</title>
  <description>&lt;p&gt;&lt;strong&gt;Instructions&lt;/strong&gt;: The following quiz will cover Chapter 5. It will consist of ten multiple choice questions each of these questions are worth ten points. You will have a total of thirty minutes to complete this short quiz. Please note that you are required to read the chapter before attempting this quiz. Good luck!&lt;/p&gt;
&lt;p&gt;&lt;strong&gt;Objectives&lt;/strong&gt;:&amp;nbsp;&lt;/p&gt;
&lt;p&gt;The quiz is designed to measure the following objectives:&lt;br&gt;CO 7: &amp;nbsp; Describe the rights and responsibilities of citizens&lt;br&gt;CO 8:&amp;nbsp; &amp;nbsp;&lt;span class="textLayer--absolute"&gt;Analyze issues and policies in U.S. politics.&lt;br&gt;&lt;br&gt;5.1: Recall the concept of civil rights&lt;br&gt;5.1: Identify the standards that courts use when deciding whether a discriminatory law or regulation is unconstitutional&lt;br&gt;5.1: Identify three core questions for recognizing a civil rights problem&lt;br&gt;&lt;br&gt;&lt;/span&gt;&lt;span class="textLayer--absolute"&gt;5.2: &lt;/span&gt;Identify key events in the history of African American civil rights&lt;br&gt;&lt;span class="textLayer--absolute"&gt;5.2: &lt;/span&gt;Recall how the courts, Congress, and the executive branch supported the civil rights movement&lt;br&gt;&lt;span class="textLayer--absolute"&gt;5.2: &lt;/span&gt;Recognize the role of grassroots efforts in the civil rights movement&lt;br&gt;&lt;br&gt;&lt;span class="textLayer--absolute"&gt;5.3: &lt;/span&gt;Identify early efforts to achieve rights for women&lt;br&gt;&lt;span class="textLayer--absolute"&gt;5.3: &lt;/span&gt;Recall why the Equal Rights Amendment failed to be ratified&lt;br&gt;&lt;span class="textLayer--absolute"&gt;5.3: &lt;/span&gt;Recognize the ways in which women acquired greater rights in the twentieth century&lt;br&gt;&lt;span class="textLayer--absolute"&gt;5.3: &lt;/span&gt;Identify why women continue to experience unequal treatment&lt;br&gt;&lt;br&gt;&lt;span class="textLayer--absolute"&gt;5.4: &lt;/span&gt;Outline the history of discrimination against Native Americans&lt;br&gt;&lt;span class="textLayer--absolute"&gt;5.4: &lt;/span&gt;Identify the expansion of Native American civil rights from 1960 to 1990&lt;br&gt;&lt;br&gt;5.5: Identify the discrimination faced by Hispanic/Latino Americans and Asian Americans&lt;br&gt;5.5: Recall the influence of the African American civil rights movement on Hispanic/Latino, Asian American, and LGBTQ civil rights movements&lt;br&gt;5.5: Identify federal actions to improve opportunities for people with disabilities&lt;br&gt;5.5: Recognize the discrimination faced by religious minorities&lt;/p&gt;
&lt;p&gt;&lt;span class="textLayer--absolute"&gt;&amp;nbsp;&lt;/span&gt;&lt;/p&gt;
&lt;p&gt;&lt;br&gt;&lt;br&gt;&lt;/p&gt;</description>
  <shuffle_answers>false</shuffle_answers>
  <scoring_policy>keep_highest</scoring_policy>
  <hide_results>always</hide_results>
  <quiz_type>assignment</quiz_type>
  <points_possible>100.0</points_possible>
  <require_lockdown_browser>false</require_lockdown_browser>
  <require_lockdown_browser_for_results>false</require_lockdown_browser_for_results>
  <require_lockdown_browser_monitor>false</require_lockdown_browser_monitor>
  <lockdown_browser_monitor_data></lockdown_browser_monitor_data>
  <show_correct_answers>false</show_correct_answers>
  <anonymous_submissions>false</anonymous_submissions>
  <could_be_locked>true</could_be_locked>
  <time_limit>30</time_limit>
  <disable_timer_autosubmission>false</disable_timer_autosubmission>
  <allowed_attempts>1</allowed_attempts>
  <one_question_at_a_time>false</one_question_at_a_time>
  <cant_go_back>false</cant_go_back>
  <available>false</available>
  <one_time_results>false</one_time_results>
  <show_correct_answers_last_attempt>false</show_correct_answers_last_attempt>
  <only_visible_to_overrides>false</only_visible_to_overrides>
  <module_locked>false</module_locked>
  <assignment identifier="ge393dd438f4b3625f61e6e8cfffd4245">
    <title>Chapter 5 Reading Quiz</title>
    <due_at/>
    <lock_at/>
    <unlock_at/>
    <module_locked>false</module_locked>
    <workflow_state>unpublished</workflow_state>
    <assignment_overrides>
    </assignment_overrides>
    <quiz_identifierref>g29642f8483f810df2bba12ab3fd4fbcf</quiz_identifierref>
    <allowed_extensions></allowed_extensions>
    <has_group_category>false</has_group_category>
    <points_possible>100.0</points_possible>
    <grading_type>points</grading_type>
    <all_day>false</all_day>
    <submission_types>online_quiz</submission_types>
    <position>9</position>
    <turnitin_enabled>false</turnitin_enabled>
    <vericite_enabled>false</vericite_enabled>
    <peer_review_count>0</peer_review_count>
    <peer_reviews>false</peer_reviews>
    <automatic_peer_reviews>false</automatic_peer_reviews>
    <anonymous_peer_reviews>false</anonymous_peer_reviews>
    <grade_group_students_individually>false</grade_group_students_individually>
    <freeze_on_copy>false</freeze_on_copy>
    <omit_from_final_grade>false</omit_from_final_grade>
    <hide_in_gradebook>false</hide_in_gradebook>
    <intra_group_peer_reviews>false</intra_group_peer_reviews>
    <only_visible_to_overrides>false</only_visible_to_overrides>
    <post_to_sis>false</post_to_sis>
    <moderated_grading>false</moderated_grading>
    <grader_count>0</grader_count>
    <grader_comments_visible_to_graders>true</grader_comments_visible_to_graders>
    <anonymous_grading>false</anonymous_grading>
    <graders_anonymous_to_graders>false</graders_anonymous_to_graders>
    <grader_names_visible_to_final_grader>true</grader_names_visible_to_final_grader>
    <anonymous_instructor_annotations>false</anonymous_instructor_annotations>
    <post_policy>
      <post_manually>false</post_manually>
    </post_policy>
  </assignment>
  <assignment_group_identifierref>g06cd0b869347f652f233eafda4f867d8</assignment_group_identifierref>
  <assignment_overrides>
  </assignment_overrides>
</quiz>
