<?xml version="1.0" encoding="UTF-8"?>
<questestinterop xmlns="http://www.imsglobal.org/xsd/ims_qtiasiv1p2" xmlns:xsi="http://www.w3.org/2001/XMLSchema-instance" xsi:schemaLocation="http://www.imsglobal.org/xsd/ims_qtiasiv1p2 http://www.imsglobal.org/xsd/ims_qtiasiv1p2p1.xsd">
  <assessment ident="g157d9a67006f348fca38dfeb1ddec3c3" title="Chapter 11 Reading Quiz">
    <qtimetadata>
      <qtimetadatafield>
        <fieldlabel>qmd_timelimit</fieldlabel>
        <fieldentry>30</fieldentry>
      </qtimetadatafield>
      <qtimetadatafield>
        <fieldlabel>cc_maxattempts</fieldlabel>
        <fieldentry>1</fieldentry>
      </qtimetadatafield>
    </qtimetadata>
    <section ident="root_section">
      <item ident="g5790571893067aacfa126ee7c32d8603" title="Saying a bill is bei">
        <itemmetadata>
          <qtimetadata>
            <qtimetadatafield>
              <fieldlabel>question_type</fieldlabel>
              <fieldentry>multiple_choice_question</fieldentry>
            </qtimetadatafield>
            <qtimetadatafield>
              <fieldlabel>points_possible</fieldlabel>
              <fieldentry>10.0</fieldentry>
            </qtimetadatafield>
            <qtimetadatafield>
              <fieldlabel>original_answer_ids</fieldlabel>
              <fieldentry>78387,75638,95887,22703</fieldentry>
            </qtimetadatafield>
            <qtimetadatafield>
              <fieldlabel>assessment_question_identifierref</fieldlabel>
              <fieldentry>g6f43d16eb1b3e71fda6565abdf916f03</fieldentry>
            </qtimetadatafield>
          </qtimetadata>
        </itemmetadata>
        <presentation>
          <material>
            <mattext texttype="text/html">&lt;div&gt;Saying a bill is being marked up is just another way to say it is being ________.&lt;/div&gt;</mattext>
          </material>
          <response_lid ident="response1" rcardinality="Single">
            <render_choice>
              <response_label ident="78387">
                <material>
                  <mattext texttype="text/plain">tabled</mattext>
                </material>
              </response_label>
              <response_label ident="75638">
                <material>
                  <mattext texttype="text/plain">neglected</mattext>
                </material>
              </response_label>
              <response_label ident="95887">
                <material>
                  <mattext texttype="text/plain">vetoed</mattext>
                </material>
              </response_label>
              <response_label ident="22703">
                <material>
                  <mattext texttype="text/plain">amended</mattext>
                </material>
              </response_label>
            </render_choice>
          </response_lid>
        </presentation>
        <resprocessing>
          <outcomes>
            <decvar maxvalue="100" minvalue="0" varname="SCORE" vartype="Decimal"/>
          </outcomes>
          <respcondition continue="No">
            <conditionvar>
              <varequal respident="response1">22703</varequal>
            </conditionvar>
            <setvar action="Set" varname="SCORE">100</setvar>
          </respcondition>
        </resprocessing>
      </item>
      <item ident="g88999e5aad36d7cfd85eeb51c07d2253" title="Senate races tend to">
        <itemmetadata>
          <qtimetadata>
            <qtimetadatafield>
              <fieldlabel>question_type</fieldlabel>
              <fieldentry>multiple_choice_question</fieldentry>
            </qtimetadatafield>
            <qtimetadatafield>
              <fieldlabel>points_possible</fieldlabel>
              <fieldentry>10.0</fieldentry>
            </qtimetadatafield>
            <qtimetadatafield>
              <fieldlabel>original_answer_ids</fieldlabel>
              <fieldentry>92705,58361,14780,22574</fieldentry>
            </qtimetadatafield>
            <qtimetadatafield>
              <fieldlabel>assessment_question_identifierref</fieldlabel>
              <fieldentry>g31c9997e95f2d817af6b86e033c01fa6</fieldentry>
            </qtimetadatafield>
          </qtimetadata>
        </itemmetadata>
        <presentation>
          <material>
            <mattext texttype="text/html">&lt;div&gt;Senate races tend to inspire ________.&lt;/div&gt;</mattext>
          </material>
          <response_lid ident="response1" rcardinality="Single">
            <render_choice>
              <response_label ident="92705">
                <material>
                  <mattext texttype="text/plain">broad discussion of policy issues</mattext>
                </material>
              </response_label>
              <response_label ident="58361">
                <material>
                  <mattext texttype="text/plain">narrow discussion of specific policy issues</mattext>
                </material>
              </response_label>
              <response_label ident="14780">
                <material>
                  <mattext texttype="text/plain">less money than House races</mattext>
                </material>
              </response_label>
              <response_label ident="22574">
                <material>
                  <mattext texttype="text/plain">less media coverage than House races</mattext>
                </material>
              </response_label>
            </render_choice>
          </response_lid>
        </presentation>
        <resprocessing>
          <outcomes>
            <decvar maxvalue="100" minvalue="0" varname="SCORE" vartype="Decimal"/>
          </outcomes>
          <respcondition continue="No">
            <conditionvar>
              <varequal respident="response1">92705</varequal>
            </conditionvar>
            <setvar action="Set" varname="SCORE">100</setvar>
          </respcondition>
        </resprocessing>
      </item>
      <item ident="g151b15db8557b6c78dd0c68ef7ddb89b" title="Stopping a filibuste">
        <itemmetadata>
          <qtimetadata>
            <qtimetadatafield>
              <fieldlabel>question_type</fieldlabel>
              <fieldentry>multiple_choice_question</fieldentry>
            </qtimetadatafield>
            <qtimetadatafield>
              <fieldlabel>points_possible</fieldlabel>
              <fieldentry>10.0</fieldentry>
            </qtimetadatafield>
            <qtimetadatafield>
              <fieldlabel>original_answer_ids</fieldlabel>
              <fieldentry>88178,62033,31355,52925</fieldentry>
            </qtimetadatafield>
            <qtimetadatafield>
              <fieldlabel>assessment_question_identifierref</fieldlabel>
              <fieldentry>gb31d7a3363b58b18d6ad2ceab3f3a09c</fieldentry>
            </qtimetadatafield>
          </qtimetadata>
        </itemmetadata>
        <presentation>
          <material>
            <mattext texttype="text/html">&lt;div&gt;Stopping a filibuster requires that ________.&lt;/div&gt;</mattext>
          </material>
          <response_lid ident="response1" rcardinality="Single">
            <render_choice>
              <response_label ident="88178">
                <material>
                  <mattext texttype="text/plain">a majority of senators agree on the bill</mattext>
                </material>
              </response_label>
              <response_label ident="62033">
                <material>
                  <mattext texttype="text/plain">the speaker steps away from the podium</mattext>
                </material>
              </response_label>
              <response_label ident="31355">
                <material>
                  <mattext texttype="text/plain">the chamber votes for cloture</mattext>
                </material>
              </response_label>
              <response_label ident="52925">
                <material>
                  <mattext texttype="text/plain">the Speaker or majority leader intervenes</mattext>
                </material>
              </response_label>
            </render_choice>
          </response_lid>
        </presentation>
        <resprocessing>
          <outcomes>
            <decvar maxvalue="100" minvalue="0" varname="SCORE" vartype="Decimal"/>
          </outcomes>
          <respcondition continue="No">
            <conditionvar>
              <varequal respident="response1">31355</varequal>
            </conditionvar>
            <setvar action="Set" varname="SCORE">100</setvar>
          </respcondition>
        </resprocessing>
      </item>
      <item ident="g29b3c7997169fba5e91e530fc2556fca" title="The Great Compromise">
        <itemmetadata>
          <qtimetadata>
            <qtimetadatafield>
              <fieldlabel>question_type</fieldlabel>
              <fieldentry>multiple_choice_question</fieldentry>
            </qtimetadatafield>
            <qtimetadatafield>
              <fieldlabel>points_possible</fieldlabel>
              <fieldentry>10.0</fieldentry>
            </qtimetadatafield>
            <qtimetadatafield>
              <fieldlabel>original_answer_ids</fieldlabel>
              <fieldentry>83731,94514,87422,55456</fieldentry>
            </qtimetadatafield>
            <qtimetadatafield>
              <fieldlabel>assessment_question_identifierref</fieldlabel>
              <fieldentry>g703652319bbfc946a6f114df4dd2f528</fieldentry>
            </qtimetadatafield>
          </qtimetadata>
        </itemmetadata>
        <presentation>
          <material>
            <mattext texttype="text/html">&lt;div&gt;The Great Compromise successfully resolved differences between ________.&lt;/div&gt;</mattext>
          </material>
          <response_lid ident="response1" rcardinality="Single">
            <render_choice>
              <response_label ident="83731">
                <material>
                  <mattext texttype="text/plain">large and small states</mattext>
                </material>
              </response_label>
              <response_label ident="94514">
                <material>
                  <mattext texttype="text/plain">slaveholding and non-slaveholding states</mattext>
                </material>
              </response_label>
              <response_label ident="87422">
                <material>
                  <mattext texttype="text/plain">the Articles of Confederation and the Constitution</mattext>
                </material>
              </response_label>
              <response_label ident="55456">
                <material>
                  <mattext texttype="text/plain">the House and the Senate</mattext>
                </material>
              </response_label>
            </render_choice>
          </response_lid>
        </presentation>
        <resprocessing>
          <outcomes>
            <decvar maxvalue="100" minvalue="0" varname="SCORE" vartype="Decimal"/>
          </outcomes>
          <respcondition continue="No">
            <conditionvar>
              <varequal respident="response1">83731</varequal>
            </conditionvar>
            <setvar action="Set" varname="SCORE">100</setvar>
          </respcondition>
        </resprocessing>
      </item>
      <item ident="gced1ba5ec31863b1349941eba6d7891e" title="The process of redis">
        <itemmetadata>
          <qtimetadata>
            <qtimetadatafield>
              <fieldlabel>question_type</fieldlabel>
              <fieldentry>multiple_choice_question</fieldentry>
            </qtimetadatafield>
            <qtimetadatafield>
              <fieldlabel>points_possible</fieldlabel>
              <fieldentry>10.0</fieldentry>
            </qtimetadatafield>
            <qtimetadatafield>
              <fieldlabel>original_answer_ids</fieldlabel>
              <fieldentry>4521,74397,78210,99588</fieldentry>
            </qtimetadatafield>
            <qtimetadatafield>
              <fieldlabel>assessment_question_identifierref</fieldlabel>
              <fieldentry>gb92fad516769d7f095754f36c801df3c</fieldentry>
            </qtimetadatafield>
          </qtimetadata>
        </itemmetadata>
        <presentation>
          <material>
            <mattext texttype="text/html">&lt;div&gt;The process of redistricting can present problems for congressional representation because ________.&lt;/div&gt;</mattext>
          </material>
          <response_lid ident="response1" rcardinality="Single">
            <render_choice>
              <response_label ident="4521">
                <material>
                  <mattext texttype="text/plain">districts must include urban and rural areas</mattext>
                </material>
              </response_label>
              <response_label ident="74397">
                <material>
                  <mattext texttype="text/plain">states can gain but never lose districts</mattext>
                </material>
              </response_label>
              <response_label ident="78210">
                <material>
                  <mattext texttype="text/plain">districts are often drawn to benefit partisan groups</mattext>
                </material>
              </response_label>
              <response_label ident="99588">
                <material>
                  <mattext texttype="text/plain">states have been known to create more districts than they have been apportioned</mattext>
                </material>
              </response_label>
            </render_choice>
          </response_lid>
        </presentation>
        <resprocessing>
          <outcomes>
            <decvar maxvalue="100" minvalue="0" varname="SCORE" vartype="Decimal"/>
          </outcomes>
          <respcondition continue="No">
            <conditionvar>
              <varequal respident="response1">78210</varequal>
            </conditionvar>
            <setvar action="Set" varname="SCORE">100</setvar>
          </respcondition>
        </resprocessing>
      </item>
      <item ident="gd83660961a48e7e9a2c35ad538e41be9" title="Which of the followi">
        <itemmetadata>
          <qtimetadata>
            <qtimetadatafield>
              <fieldlabel>question_type</fieldlabel>
              <fieldentry>multiple_choice_question</fieldentry>
            </qtimetadatafield>
            <qtimetadatafield>
              <fieldlabel>points_possible</fieldlabel>
              <fieldentry>10.0</fieldentry>
            </qtimetadatafield>
            <qtimetadatafield>
              <fieldlabel>original_answer_ids</fieldlabel>
              <fieldentry>73220,22652,83899,91022</fieldentry>
            </qtimetadatafield>
            <qtimetadatafield>
              <fieldlabel>assessment_question_identifierref</fieldlabel>
              <fieldentry>ga6189a9bd47d3a2ae3167a02cc2d7c1c</fieldentry>
            </qtimetadatafield>
          </qtimetadata>
        </itemmetadata>
        <presentation>
          <material>
            <mattext texttype="text/html">&lt;div&gt;Which of the following is an implied power of Congress?&lt;/div&gt;</mattext>
          </material>
          <response_lid ident="response1" rcardinality="Single">
            <render_choice>
              <response_label ident="73220">
                <material>
                  <mattext texttype="text/plain">the power to regulate the sale of tobacco in the states</mattext>
                </material>
              </response_label>
              <response_label ident="22652">
                <material>
                  <mattext texttype="text/plain">the power to increase taxes on the wealthiest one percent</mattext>
                </material>
              </response_label>
              <response_label ident="83899">
                <material>
                  <mattext texttype="text/plain">the power to put the president on trial for high crimes</mattext>
                </material>
              </response_label>
              <response_label ident="91022">
                <material>
                  <mattext texttype="text/plain">the power to override a presidential veto</mattext>
                </material>
              </response_label>
            </render_choice>
          </response_lid>
        </presentation>
        <resprocessing>
          <outcomes>
            <decvar maxvalue="100" minvalue="0" varname="SCORE" vartype="Decimal"/>
          </outcomes>
          <respcondition continue="No">
            <conditionvar>
              <varequal respident="response1">73220</varequal>
            </conditionvar>
            <setvar action="Set" varname="SCORE">100</setvar>
          </respcondition>
        </resprocessing>
      </item>
      <item ident="gb12bf7510a176081979878c2d146261e" title="While each state has">
        <itemmetadata>
          <qtimetadata>
            <qtimetadatafield>
              <fieldlabel>question_type</fieldlabel>
              <fieldentry>multiple_choice_question</fieldentry>
            </qtimetadatafield>
            <qtimetadatafield>
              <fieldlabel>points_possible</fieldlabel>
              <fieldentry>10.0</fieldentry>
            </qtimetadatafield>
            <qtimetadatafield>
              <fieldlabel>original_answer_ids</fieldlabel>
              <fieldentry>26604,18611,16216,88561</fieldentry>
            </qtimetadatafield>
            <qtimetadatafield>
              <fieldlabel>assessment_question_identifierref</fieldlabel>
              <fieldentry>gfe84fe80758862926e23e31eba99d819</fieldentry>
            </qtimetadatafield>
          </qtimetadata>
        </itemmetadata>
        <presentation>
          <material>
            <mattext texttype="text/html">&lt;div&gt;While each state has two senators, members of the House are apportioned ________.&lt;/div&gt;</mattext>
          </material>
          <response_lid ident="response1" rcardinality="Single">
            <render_choice>
              <response_label ident="26604">
                <material>
                  <mattext texttype="text/plain">according to the stateâ€™s geographic size</mattext>
                </material>
              </response_label>
              <response_label ident="18611">
                <material>
                  <mattext texttype="text/plain">based on the stateâ€™s economic size</mattext>
                </material>
              </response_label>
              <response_label ident="16216">
                <material>
                  <mattext texttype="text/plain">according to the stateâ€™s population</mattext>
                </material>
              </response_label>
              <response_label ident="88561">
                <material>
                  <mattext texttype="text/plain">based on each stateâ€™s need</mattext>
                </material>
              </response_label>
            </render_choice>
          </response_lid>
        </presentation>
        <resprocessing>
          <outcomes>
            <decvar maxvalue="100" minvalue="0" varname="SCORE" vartype="Decimal"/>
          </outcomes>
          <respcondition continue="No">
            <conditionvar>
              <varequal respident="response1">16216</varequal>
            </conditionvar>
            <setvar action="Set" varname="SCORE">100</setvar>
          </respcondition>
        </resprocessing>
      </item>
      <item ident="g971e8cca4830a671c7323341fb2e0903" title="A congressperson who">
        <itemmetadata>
          <qtimetadata>
            <qtimetadatafield>
              <fieldlabel>question_type</fieldlabel>
              <fieldentry>multiple_choice_question</fieldentry>
            </qtimetadatafield>
            <qtimetadatafield>
              <fieldlabel>points_possible</fieldlabel>
              <fieldentry>10.0</fieldentry>
            </qtimetadatafield>
            <qtimetadatafield>
              <fieldlabel>original_answer_ids</fieldlabel>
              <fieldentry>8725,63957,55634,22421</fieldentry>
            </qtimetadatafield>
            <qtimetadatafield>
              <fieldlabel>assessment_question_identifierref</fieldlabel>
              <fieldentry>g98e6d33e5d6e7846fe661e66c9237580</fieldentry>
            </qtimetadatafield>
          </qtimetadata>
        </itemmetadata>
        <presentation>
          <material>
            <mattext texttype="text/html">&lt;div&gt;A congressperson who pursued a strict delegate model of representation would seek to ________.&lt;/div&gt;</mattext>
          </material>
          <response_lid ident="response1" rcardinality="Single">
            <render_choice>
              <response_label ident="8725">
                <material>
                  <mattext texttype="text/plain">legislate in the way they believed constituents wanted, regardless of the anticipated outcome</mattext>
                </material>
              </response_label>
              <response_label ident="63957">
                <material>
                  <mattext texttype="text/plain">legislate in a way that carefully considered the circumstances and issue so as to reach a solution that is best for everyone</mattext>
                </material>
              </response_label>
              <response_label ident="55634">
                <material>
                  <mattext texttype="text/plain">legislate in a way that is best for the nation regardless of the costs for the constituents</mattext>
                </material>
              </response_label>
              <response_label ident="22421">
                <material>
                  <mattext texttype="text/plain">legislate in the way that they think is best for the constituents</mattext>
                </material>
              </response_label>
            </render_choice>
          </response_lid>
        </presentation>
        <resprocessing>
          <outcomes>
            <decvar maxvalue="100" minvalue="0" varname="SCORE" vartype="Decimal"/>
          </outcomes>
          <respcondition continue="No">
            <conditionvar>
              <varequal respident="response1">8725</varequal>
            </conditionvar>
            <setvar action="Set" varname="SCORE">100</setvar>
          </respcondition>
        </resprocessing>
      </item>
      <item ident="g512ad5109f38db8f125050dc4e051031" title="A select committee i">
        <itemmetadata>
          <qtimetadata>
            <qtimetadatafield>
              <fieldlabel>question_type</fieldlabel>
              <fieldentry>multiple_choice_question</fieldentry>
            </qtimetadatafield>
            <qtimetadatafield>
              <fieldlabel>points_possible</fieldlabel>
              <fieldentry>10.0</fieldentry>
            </qtimetadatafield>
            <qtimetadatafield>
              <fieldlabel>original_answer_ids</fieldlabel>
              <fieldentry>238,92324,30175,93286</fieldentry>
            </qtimetadatafield>
            <qtimetadatafield>
              <fieldlabel>assessment_question_identifierref</fieldlabel>
              <fieldentry>g0b642a15fc769e4630e40c5aebd5cdd9</fieldentry>
            </qtimetadatafield>
          </qtimetadata>
        </itemmetadata>
        <presentation>
          <material>
            <mattext texttype="text/html">&lt;div&gt;A select committee is different from a standing committee because ________.&lt;/div&gt;</mattext>
          </material>
          <response_lid ident="response1" rcardinality="Single">
            <render_choice>
              <response_label ident="238">
                <material>
                  <mattext texttype="text/plain">a select committee includes member of both chambers, while a standing committee includes only members of the House</mattext>
                </material>
              </response_label>
              <response_label ident="92324">
                <material>
                  <mattext texttype="text/plain">a select committee is used for bill reconciliation, while a standing committee is used for prosecutions</mattext>
                </material>
              </response_label>
              <response_label ident="30175">
                <material>
                  <mattext texttype="text/plain">a select committee must stay in session, while a standing committee goes to recess</mattext>
                </material>
              </response_label>
              <response_label ident="93286">
                <material>
                  <mattext texttype="text/plain">a select committee is convened for a specific and temporary purpose, while a standing committee is permanent</mattext>
                </material>
              </response_label>
            </render_choice>
          </response_lid>
        </presentation>
        <resprocessing>
          <outcomes>
            <decvar maxvalue="100" minvalue="0" varname="SCORE" vartype="Decimal"/>
          </outcomes>
          <respcondition continue="No">
            <conditionvar>
              <varequal respident="response1">93286</varequal>
            </conditionvar>
            <setvar action="Set" varname="SCORE">100</setvar>
          </respcondition>
        </resprocessing>
      </item>
      <item ident="gf1e68288fd45a04c2e115f2a33d88664" title="Question">
        <itemmetadata>
          <qtimetadata>
            <qtimetadatafield>
              <fieldlabel>question_type</fieldlabel>
              <fieldentry>multiple_choice_question</fieldentry>
            </qtimetadatafield>
            <qtimetadatafield>
              <fieldlabel>points_possible</fieldlabel>
              <fieldentry>10.0</fieldentry>
            </qtimetadatafield>
            <qtimetadatafield>
              <fieldlabel>original_answer_ids</fieldlabel>
              <fieldentry>46728,1187,98746,52466</fieldentry>
            </qtimetadatafield>
            <qtimetadatafield>
              <fieldlabel>assessment_question_identifierref</fieldlabel>
              <fieldentry>ga9d657d48e4faf3fbb0e41f1aa34e3e3</fieldentry>
            </qtimetadatafield>
          </qtimetadata>
        </itemmetadata>
        <presentation>
          <material>
            <mattext texttype="text/html">&lt;div&gt;__________ is the political process that results from dividing a legislature into two separate assemblies&lt;/div&gt;</mattext>
          </material>
          <response_lid ident="response1" rcardinality="Single">
            <render_choice>
              <response_label ident="46728">
                <material>
                  <mattext texttype="text/plain">bicameralism</mattext>
                </material>
              </response_label>
              <response_label ident="1187">
                <material>
                  <mattext texttype="text/plain">uncameralism</mattext>
                </material>
              </response_label>
              <response_label ident="98746">
                <material>
                  <mattext texttype="text/plain">single member districts</mattext>
                </material>
              </response_label>
              <response_label ident="52466">
                <material>
                  <mattext texttype="text/plain">multi-member districts</mattext>
                </material>
              </response_label>
            </render_choice>
          </response_lid>
        </presentation>
        <resprocessing>
          <outcomes>
            <decvar maxvalue="100" minvalue="0" varname="SCORE" vartype="Decimal"/>
          </outcomes>
          <respcondition continue="No">
            <conditionvar>
              <varequal respident="response1">46728</varequal>
            </conditionvar>
            <setvar action="Set" varname="SCORE">100</setvar>
          </respcondition>
        </resprocessing>
      </item>
    </section>
  </assessment>
</questestinterop>
