<?xml version="1.0" encoding="UTF-8"?>
<questestinterop xmlns="http://www.imsglobal.org/xsd/ims_qtiasiv1p2" xmlns:xsi="http://www.w3.org/2001/XMLSchema-instance" xsi:schemaLocation="http://www.imsglobal.org/xsd/ims_qtiasiv1p2 http://www.imsglobal.org/xsd/ims_qtiasiv1p2p1.xsd">
  <assessment ident="g7e44690eaff4cc99811b2452babaf860" title="Chapter 3 Reading Quiz">
    <qtimetadata>
      <qtimetadatafield>
        <fieldlabel>qmd_timelimit</fieldlabel>
        <fieldentry>30</fieldentry>
      </qtimetadatafield>
      <qtimetadatafield>
        <fieldlabel>cc_maxattempts</fieldlabel>
        <fieldentry>1</fieldentry>
      </qtimetadatafield>
    </qtimetadata>
    <section ident="root_section">
      <item ident="g6064dd8eae8761f02f6339f2af911aa4" title="In McCulloch v. Mary">
        <itemmetadata>
          <qtimetadata>
            <qtimetadatafield>
              <fieldlabel>question_type</fieldlabel>
              <fieldentry>multiple_choice_question</fieldentry>
            </qtimetadatafield>
            <qtimetadatafield>
              <fieldlabel>points_possible</fieldlabel>
              <fieldentry>10.0</fieldentry>
            </qtimetadatafield>
            <qtimetadatafield>
              <fieldlabel>original_answer_ids</fieldlabel>
              <fieldentry>47014,42861,55844,68120</fieldentry>
            </qtimetadatafield>
            <qtimetadatafield>
              <fieldlabel>assessment_question_identifierref</fieldlabel>
              <fieldentry>g7064f17dff3542305d8e14bb1a5323b6</fieldentry>
            </qtimetadatafield>
          </qtimetadata>
        </itemmetadata>
        <presentation>
          <material>
            <mattext texttype="text/html">&lt;div&gt;In McCulloch v. Maryland, the Supreme Court invoked which provisions of the constitution?&lt;/div&gt;</mattext>
          </material>
          <response_lid ident="response1" rcardinality="Single">
            <render_choice>
              <response_label ident="47014">
                <material>
                  <mattext texttype="text/plain">Tenth Amendment and spending clause</mattext>
                </material>
              </response_label>
              <response_label ident="42861">
                <material>
                  <mattext texttype="text/plain">commerce clause and supremacy clause</mattext>
                </material>
              </response_label>
              <response_label ident="55844">
                <material>
                  <mattext texttype="text/plain">necessary and proper clause and supremacy clause</mattext>
                </material>
              </response_label>
              <response_label ident="68120">
                <material>
                  <mattext texttype="text/plain">taxing power and necessary and proper clause</mattext>
                </material>
              </response_label>
            </render_choice>
          </response_lid>
        </presentation>
        <resprocessing>
          <outcomes>
            <decvar maxvalue="100" minvalue="0" varname="SCORE" vartype="Decimal"/>
          </outcomes>
          <respcondition continue="No">
            <conditionvar>
              <varequal respident="response1">55844</varequal>
            </conditionvar>
            <setvar action="Set" varname="SCORE">100</setvar>
          </respcondition>
        </resprocessing>
      </item>
      <item ident="gccdee61c48873358545d334ee0db9213" title="Which is not a merit">
        <itemmetadata>
          <qtimetadata>
            <qtimetadatafield>
              <fieldlabel>question_type</fieldlabel>
              <fieldentry>multiple_choice_question</fieldentry>
            </qtimetadatafield>
            <qtimetadatafield>
              <fieldlabel>points_possible</fieldlabel>
              <fieldentry>10.0</fieldentry>
            </qtimetadatafield>
            <qtimetadatafield>
              <fieldlabel>original_answer_ids</fieldlabel>
              <fieldentry>32714,49466,29011,51919</fieldentry>
            </qtimetadatafield>
            <qtimetadatafield>
              <fieldlabel>assessment_question_identifierref</fieldlabel>
              <fieldentry>g721139dad922fa4b1d3ac2237bb8838c</fieldentry>
            </qtimetadatafield>
          </qtimetadata>
        </itemmetadata>
        <presentation>
          <material>
            <mattext texttype="text/html">&lt;div&gt;______ was born of necessity and lasted well into the twentieth century as the national and state government each found it beneficial.&amp;nbsp;&lt;/div&gt;</mattext>
          </material>
          <response_lid ident="response1" rcardinality="Single">
            <render_choice>
              <response_label ident="32714">
                <material>
                  <mattext texttype="text/plain">New Federalism</mattext>
                </material>
              </response_label>
              <response_label ident="49466">
                <material>
                  <mattext texttype="text/plain">Dual Federalism</mattext>
                </material>
              </response_label>
              <response_label ident="29011">
                <material>
                  <mattext texttype="text/plain">Cooperative federalism</mattext>
                </material>
              </response_label>
              <response_label ident="51919">
                <material>
                  <mattext texttype="text/plain">Competitive Federalism</mattext>
                </material>
              </response_label>
            </render_choice>
          </response_lid>
        </presentation>
        <resprocessing>
          <outcomes>
            <decvar maxvalue="100" minvalue="0" varname="SCORE" vartype="Decimal"/>
          </outcomes>
          <respcondition continue="No">
            <conditionvar>
              <varequal respident="response1">29011</varequal>
            </conditionvar>
            <setvar action="Set" varname="SCORE">100</setvar>
          </respcondition>
        </resprocessing>
      </item>
      <item ident="g16233fc42666e40326595b6edde9814f" title="Which of the followi">
        <itemmetadata>
          <qtimetadata>
            <qtimetadatafield>
              <fieldlabel>question_type</fieldlabel>
              <fieldentry>multiple_choice_question</fieldentry>
            </qtimetadatafield>
            <qtimetadatafield>
              <fieldlabel>points_possible</fieldlabel>
              <fieldentry>10.0</fieldentry>
            </qtimetadatafield>
            <qtimetadatafield>
              <fieldlabel>original_answer_ids</fieldlabel>
              <fieldentry>75031,67043,30431,7730</fieldentry>
            </qtimetadatafield>
            <qtimetadatafield>
              <fieldlabel>assessment_question_identifierref</fieldlabel>
              <fieldentry>gb36c0096344851918057a9d0a2032fb5</fieldentry>
            </qtimetadatafield>
          </qtimetadata>
        </itemmetadata>
        <presentation>
          <material>
            <mattext texttype="text/html">&lt;div&gt;What is one benefit of Federalism?&amp;nbsp;&lt;/div&gt;</mattext>
          </material>
          <response_lid ident="response1" rcardinality="Single">
            <render_choice>
              <response_label ident="75031">
                <material>
                  <mattext texttype="text/plain">It promotes economy disparity across states</mattext>
                </material>
              </response_label>
              <response_label ident="67043">
                <material>
                  <mattext texttype="text/plain">Promotes policy innovation and political participation and accommodates diversity of opinion.</mattext>
                </material>
              </response_label>
              <response_label ident="30431">
                <material>
                  <mattext texttype="text/plain">Leads to difficulty of taking action on issues of national importance</mattext>
                </material>
              </response_label>
              <response_label ident="7730">
                <material>
                  <mattext texttype="text/plain">It leads to race-to-the-bottom dynamics</mattext>
                </material>
              </response_label>
            </render_choice>
          </response_lid>
        </presentation>
        <resprocessing>
          <outcomes>
            <decvar maxvalue="100" minvalue="0" varname="SCORE" vartype="Decimal"/>
          </outcomes>
          <respcondition continue="No">
            <conditionvar>
              <varequal respident="response1">67043</varequal>
            </conditionvar>
            <setvar action="Set" varname="SCORE">100</setvar>
          </respcondition>
        </resprocessing>
      </item>
      <item ident="g65b03374abd65e4b72a1eb9fb15a4953" title="Which statement abou 3">
        <itemmetadata>
          <qtimetadata>
            <qtimetadatafield>
              <fieldlabel>question_type</fieldlabel>
              <fieldentry>multiple_choice_question</fieldentry>
            </qtimetadatafield>
            <qtimetadatafield>
              <fieldlabel>points_possible</fieldlabel>
              <fieldentry>10.0</fieldentry>
            </qtimetadatafield>
            <qtimetadatafield>
              <fieldlabel>original_answer_ids</fieldlabel>
              <fieldentry>70040,38769,62859,3314</fieldentry>
            </qtimetadatafield>
            <qtimetadatafield>
              <fieldlabel>assessment_question_identifierref</fieldlabel>
              <fieldentry>g2f31f1d47bd08f91491ca6c9821ae7f6</fieldentry>
            </qtimetadatafield>
          </qtimetadata>
        </itemmetadata>
        <presentation>
          <material>
            <mattext texttype="text/html">&lt;div&gt;Which statement about federal grants in recent decades is most accurate?&lt;/div&gt;</mattext>
          </material>
          <response_lid ident="response1" rcardinality="Single">
            <render_choice>
              <response_label ident="70040">
                <material>
                  <mattext texttype="text/plain">The federal government allocates the most grant money to income security.</mattext>
                </material>
              </response_label>
              <response_label ident="38769">
                <material>
                  <mattext texttype="text/plain">The amount of federal grant money going to states has steadily increased since the 1960s.</mattext>
                </material>
              </response_label>
              <response_label ident="62859">
                <material>
                  <mattext texttype="text/plain">The majority of federal grants are block grants.</mattext>
                </material>
              </response_label>
              <response_label ident="3314">
                <material>
                  <mattext texttype="text/plain">Block grants tend to gain more flexibility over time.</mattext>
                </material>
              </response_label>
            </render_choice>
          </response_lid>
        </presentation>
        <resprocessing>
          <outcomes>
            <decvar maxvalue="100" minvalue="0" varname="SCORE" vartype="Decimal"/>
          </outcomes>
          <respcondition continue="No">
            <conditionvar>
              <varequal respident="response1">38769</varequal>
            </conditionvar>
            <setvar action="Set" varname="SCORE">100</setvar>
          </respcondition>
        </resprocessing>
      </item>
      <item ident="g1b1eeda4b7ec7abc12b2a782ac0e232e" title="Which statement abou 4">
        <itemmetadata>
          <qtimetadata>
            <qtimetadatafield>
              <fieldlabel>question_type</fieldlabel>
              <fieldentry>multiple_choice_question</fieldentry>
            </qtimetadatafield>
            <qtimetadatafield>
              <fieldlabel>points_possible</fieldlabel>
              <fieldentry>10.0</fieldentry>
            </qtimetadatafield>
            <qtimetadatafield>
              <fieldlabel>original_answer_ids</fieldlabel>
              <fieldentry>62725,77883,97941,37038</fieldentry>
            </qtimetadatafield>
            <qtimetadatafield>
              <fieldlabel>assessment_question_identifierref</fieldlabel>
              <fieldentry>gf54ff4373682431c4566690fd9d1a523</fieldentry>
            </qtimetadatafield>
          </qtimetadata>
        </itemmetadata>
        <presentation>
          <material>
            <mattext texttype="text/html">&lt;div&gt;&lt;span&gt;_________ are federal laws and regulations that impose obligations on state and local governments without fully compensating them for the administrative costs they incur.&lt;/span&gt;&lt;/div&gt;</mattext>
          </material>
          <response_lid ident="response1" rcardinality="Single">
            <render_choice>
              <response_label ident="62725">
                <material>
                  <mattext texttype="text/plain">Nullification</mattext>
                </material>
              </response_label>
              <response_label ident="77883">
                <material>
                  <mattext texttype="text/plain">Unitary Governments</mattext>
                </material>
              </response_label>
              <response_label ident="97941">
                <material>
                  <mattext texttype="text/plain">Unfunded Mandates</mattext>
                </material>
              </response_label>
              <response_label ident="37038">
                <material>
                  <mattext texttype="text/plain">Creeping categorization</mattext>
                </material>
              </response_label>
            </render_choice>
          </response_lid>
        </presentation>
        <resprocessing>
          <outcomes>
            <decvar maxvalue="100" minvalue="0" varname="SCORE" vartype="Decimal"/>
          </outcomes>
          <respcondition continue="No">
            <conditionvar>
              <varequal respident="response1">97941</varequal>
            </conditionvar>
            <setvar action="Set" varname="SCORE">100</setvar>
          </respcondition>
        </resprocessing>
      </item>
      <item ident="g93148817e5debb3de0c334ed4a49f545" title="Which statement abou 5">
        <itemmetadata>
          <qtimetadata>
            <qtimetadatafield>
              <fieldlabel>question_type</fieldlabel>
              <fieldentry>multiple_choice_question</fieldentry>
            </qtimetadatafield>
            <qtimetadatafield>
              <fieldlabel>points_possible</fieldlabel>
              <fieldentry>10.0</fieldentry>
            </qtimetadatafield>
            <qtimetadatafield>
              <fieldlabel>original_answer_ids</fieldlabel>
              <fieldentry>50606,82676,11783,62243</fieldentry>
            </qtimetadatafield>
            <qtimetadatafield>
              <fieldlabel>assessment_question_identifierref</fieldlabel>
              <fieldentry>g8f55869ef57f46e3d15187bbf0579e29</fieldentry>
            </qtimetadatafield>
          </qtimetadata>
        </itemmetadata>
        <presentation>
          <material>
            <mattext texttype="text/html">&lt;div&gt;According to a poll conducted by Arizona State University, what percentage of Latino voters were found to have opposed the 2010 Arizona Senate Bill 1070:&lt;/div&gt;</mattext>
          </material>
          <response_lid ident="response1" rcardinality="Single">
            <render_choice>
              <response_label ident="50606">
                <material>
                  <mattext texttype="text/plain">45%</mattext>
                </material>
              </response_label>
              <response_label ident="82676">
                <material>
                  <mattext texttype="text/plain">35%</mattext>
                </material>
              </response_label>
              <response_label ident="11783">
                <material>
                  <mattext texttype="text/plain">75%</mattext>
                </material>
              </response_label>
              <response_label ident="62243">
                <material>
                  <mattext texttype="text/plain">81%</mattext>
                </material>
              </response_label>
            </render_choice>
          </response_lid>
        </presentation>
        <resprocessing>
          <outcomes>
            <decvar maxvalue="100" minvalue="0" varname="SCORE" vartype="Decimal"/>
          </outcomes>
          <respcondition continue="No">
            <conditionvar>
              <varequal respident="response1">62243</varequal>
            </conditionvar>
            <setvar action="Set" varname="SCORE">100</setvar>
          </respcondition>
        </resprocessing>
      </item>
      <item ident="gb5ca6a85531ed8381578e8590f35806a" title="Which statement abou 6">
        <itemmetadata>
          <qtimetadata>
            <qtimetadatafield>
              <fieldlabel>question_type</fieldlabel>
              <fieldentry>multiple_choice_question</fieldentry>
            </qtimetadatafield>
            <qtimetadatafield>
              <fieldlabel>points_possible</fieldlabel>
              <fieldentry>10.0</fieldentry>
            </qtimetadatafield>
            <qtimetadatafield>
              <fieldlabel>original_answer_ids</fieldlabel>
              <fieldentry>37185,86267,63376,46405</fieldentry>
            </qtimetadatafield>
            <qtimetadatafield>
              <fieldlabel>assessment_question_identifierref</fieldlabel>
              <fieldentry>gd020b3b26593423cb87b3e88bbc5f7f9</fieldentry>
            </qtimetadatafield>
          </qtimetadata>
        </itemmetadata>
        <presentation>
          <material>
            <mattext texttype="text/html">&lt;div&gt;In which 2015 case did the Supreme Court identify a constitutional right to marriage for same sex couples based on the Fourteenth Amendment&amp;nbsp;&lt;/div&gt;</mattext>
          </material>
          <response_lid ident="response1" rcardinality="Single">
            <render_choice>
              <response_label ident="37185">
                <material>
                  <mattext texttype="text/plain">Obergefell v. Hodges</mattext>
                </material>
              </response_label>
              <response_label ident="86267">
                <material>
                  <mattext texttype="text/plain">Lawrence v. Texas</mattext>
                </material>
              </response_label>
              <response_label ident="63376">
                <material>
                  <mattext texttype="text/plain">Loving v. Virginia</mattext>
                </material>
              </response_label>
              <response_label ident="46405">
                <material>
                  <mattext texttype="text/plain">Roe v. Wade</mattext>
                </material>
              </response_label>
            </render_choice>
          </response_lid>
        </presentation>
        <resprocessing>
          <outcomes>
            <decvar maxvalue="100" minvalue="0" varname="SCORE" vartype="Decimal"/>
          </outcomes>
          <respcondition continue="No">
            <conditionvar>
              <varequal respident="response1">37185</varequal>
            </conditionvar>
            <setvar action="Set" varname="SCORE">100</setvar>
          </respcondition>
        </resprocessing>
      </item>
      <item ident="g5f0c297420811fbece6d5d419ac8b2db" title="Which statement abou 7">
        <itemmetadata>
          <qtimetadata>
            <qtimetadatafield>
              <fieldlabel>question_type</fieldlabel>
              <fieldentry>multiple_choice_question</fieldentry>
            </qtimetadatafield>
            <qtimetadatafield>
              <fieldlabel>points_possible</fieldlabel>
              <fieldentry>10.0</fieldentry>
            </qtimetadatafield>
            <qtimetadatafield>
              <fieldlabel>original_answer_ids</fieldlabel>
              <fieldentry>59285,32009,54496,24160</fieldentry>
            </qtimetadatafield>
            <qtimetadatafield>
              <fieldlabel>assessment_question_identifierref</fieldlabel>
              <fieldentry>ge2167e241e780937db0ab389c1dfd4f1</fieldentry>
            </qtimetadatafield>
          </qtimetadata>
        </itemmetadata>
        <presentation>
          <material>
            <mattext texttype="text/html">&lt;div&gt;Which statement about venue shopping is true?&lt;/div&gt;</mattext>
          </material>
          <response_lid ident="response1" rcardinality="Single">
            <render_choice>
              <response_label ident="59285">
                <material>
                  <mattext texttype="text/plain">a legislative action declaring someone guilty without a trial; prohibited under the Constitution</mattext>
                </material>
              </response_label>
              <response_label ident="32009">
                <material>
                  <mattext texttype="text/plain">a type of grant that comes with less stringent federal administrative conditions and provide recipients more latitude over how to spend grant funds</mattext>
                </material>
              </response_label>
              <response_label ident="54496">
                <material>
                  <mattext texttype="text/plain">a federal transfer formulated to limit recipients’ discretion in the use of funds and subject them to strict administrative criteria</mattext>
                </material>
              </response_label>
              <response_label ident="24160">
                <material>
                  <mattext texttype="text/plain">refers to a strategy in which interest groups select the level and branch of government (legislature, judiciary, or executive) they calculate will be most advantageous for them.</mattext>
                </material>
              </response_label>
            </render_choice>
          </response_lid>
        </presentation>
        <resprocessing>
          <outcomes>
            <decvar maxvalue="100" minvalue="0" varname="SCORE" vartype="Decimal"/>
          </outcomes>
          <respcondition continue="No">
            <conditionvar>
              <varequal respident="response1">24160</varequal>
            </conditionvar>
            <setvar action="Set" varname="SCORE">100</setvar>
          </respcondition>
        </resprocessing>
      </item>
      <item ident="gf13ff56077b3dbf249c378c7a36bfb99" title="Question">
        <itemmetadata>
          <qtimetadata>
            <qtimetadatafield>
              <fieldlabel>question_type</fieldlabel>
              <fieldentry>multiple_choice_question</fieldentry>
            </qtimetadatafield>
            <qtimetadatafield>
              <fieldlabel>points_possible</fieldlabel>
              <fieldentry>10.0</fieldentry>
            </qtimetadatafield>
            <qtimetadatafield>
              <fieldlabel>original_answer_ids</fieldlabel>
              <fieldentry>91960,92099,11402,44759</fieldentry>
            </qtimetadatafield>
            <qtimetadatafield>
              <fieldlabel>assessment_question_identifierref</fieldlabel>
              <fieldentry>ga7530ba5e611fa6a0a6c13a9c8355774</fieldentry>
            </qtimetadatafield>
          </qtimetadata>
        </itemmetadata>
        <presentation>
          <material>
            <mattext texttype="text/html">&lt;div&gt;What is federalism in the context of modern democracies?&lt;/div&gt;</mattext>
          </material>
          <response_lid ident="response1" rcardinality="Single">
            <render_choice>
              <response_label ident="91960">
                <material>
                  <mattext texttype="text/plain">A system where power is concentrated in one central government</mattext>
                </material>
              </response_label>
              <response_label ident="92099">
                <material>
                  <mattext texttype="text/plain">A system where power is divided among three branches of government</mattext>
                </material>
              </response_label>
              <response_label ident="11402">
                <material>
                  <mattext texttype="text/plain">An institutional arrangement that creates two relatively autonomous levels of government, national and subnational</mattext>
                </material>
              </response_label>
              <response_label ident="44759">
                <material>
                  <mattext texttype="text/plain">A system where power is concentrated in the hands of the executive branch</mattext>
                </material>
              </response_label>
            </render_choice>
          </response_lid>
        </presentation>
        <resprocessing>
          <outcomes>
            <decvar maxvalue="100" minvalue="0" varname="SCORE" vartype="Decimal"/>
          </outcomes>
          <respcondition continue="No">
            <conditionvar>
              <varequal respident="response1">11402</varequal>
            </conditionvar>
            <setvar action="Set" varname="SCORE">100</setvar>
          </respcondition>
        </resprocessing>
      </item>
      <item ident="geabbabf138f207749fbf63251ca25e81" title="Question">
        <itemmetadata>
          <qtimetadata>
            <qtimetadatafield>
              <fieldlabel>question_type</fieldlabel>
              <fieldentry>multiple_choice_question</fieldentry>
            </qtimetadatafield>
            <qtimetadatafield>
              <fieldlabel>points_possible</fieldlabel>
              <fieldentry>10.0</fieldentry>
            </qtimetadatafield>
            <qtimetadatafield>
              <fieldlabel>original_answer_ids</fieldlabel>
              <fieldentry>80229,44289</fieldentry>
            </qtimetadatafield>
            <qtimetadatafield>
              <fieldlabel>assessment_question_identifierref</fieldlabel>
              <fieldentry>g726cc1e8a75a908be3930f281e575462</fieldentry>
            </qtimetadatafield>
          </qtimetadata>
        </itemmetadata>
        <presentation>
          <material>
            <mattext texttype="text/html">&lt;div&gt;Article IV, Section 1 (referred to as the Full Faith &amp;amp; Credit Clause) requires states to&lt;/div&gt;</mattext>
          </material>
          <response_lid ident="response1" rcardinality="Single">
            <render_choice>
              <response_label ident="80229">
                <material>
                  <mattext texttype="text/plain">accept court decisions, public acts, and contracts of other states.</mattext>
                </material>
              </response_label>
              <response_label ident="44289">
                <material>
                  <mattext texttype="text/plain">asserts that states are prohibited from discriminating against out-of-staters by denying them such guarantees as access to courts, legal protection, property rights, and travel rights.</mattext>
                </material>
              </response_label>
            </render_choice>
          </response_lid>
        </presentation>
        <resprocessing>
          <outcomes>
            <decvar maxvalue="100" minvalue="0" varname="SCORE" vartype="Decimal"/>
          </outcomes>
          <respcondition continue="No">
            <conditionvar>
              <varequal respident="response1">80229</varequal>
            </conditionvar>
            <setvar action="Set" varname="SCORE">100</setvar>
          </respcondition>
        </resprocessing>
      </item>
    </section>
  </assessment>
</questestinterop>
