<?xml version="1.0" encoding="UTF-8"?>
<quiz identifier="g7b8a008b881d3bfca0e6acc1671e06ec" xmlns="http://canvas.instructure.com/xsd/cccv1p0" xmlns:xsi="http://www.w3.org/2001/XMLSchema-instance" xsi:schemaLocation="http://canvas.instructure.com/xsd/cccv1p0 https://canvas.instructure.com/xsd/cccv1p0.xsd">
  <title>Chapter 1 Reading Quiz</title>
  <description>&lt;p&gt;&lt;span&gt;&lt;strong&gt;Instructions&lt;/strong&gt;: The following short quiz will cover Chapter 1. It will consist of ten multiple choice questions and each question is worth ten points. You will have a total of thirty minutes to complete this quiz. You are required to read chapter one before attempting this quiz. Good luck!&lt;/span&gt;&lt;/p&gt;
&lt;p&gt;&lt;strong&gt;Objectives&lt;/strong&gt;:&amp;nbsp;This quiz is designed in order for you to master the following outcomes:&lt;/p&gt;
&lt;ul&gt;
&lt;li style="list-style-type: none;"&gt;
&lt;ul&gt;
&lt;li&gt;CO 1:&amp;nbsp;&lt;span class="textLayer--absolute"&gt;Explain the origin and development of constitutional democracy&lt;span&gt;&amp;nbsp;&lt;/span&gt;&lt;/span&gt;&lt;span class="textLayer--absolute"&gt;in the United States.&lt;/span&gt;&lt;/li&gt;
&lt;li&gt;CO 2: Demonstrate knowledge of the federal system.&lt;/li&gt;
&lt;li&gt;CO 8:&amp;nbsp; &amp;nbsp;Analyze issues and policies in U.S. politics.&lt;br&gt;&lt;br&gt;&lt;/li&gt;
&lt;li&gt;1.1 Recall what government is and what it does&lt;/li&gt;
&lt;li&gt;1.1 Identify the type of government in the United States and compare it to other forms of government&lt;br&gt;&lt;br&gt;&lt;/li&gt;
&lt;li&gt;1.2 Identify the pluralism-elitism debate&lt;/li&gt;
&lt;li&gt;1.2 List the tradeoffs perspective on government&lt;br&gt;&lt;br&gt;&lt;/li&gt;
&lt;li&gt;1.3 Identify the importance of citizen engagement in a democracy&lt;/li&gt;
&lt;li&gt;1.3 Recall the main ways Americans can influence and become engaged in government&lt;/li&gt;
&lt;li&gt;1.3 List the factors that may affect people’s willingness to become engaged in government&lt;/li&gt;
&lt;/ul&gt;
&lt;/li&gt;
&lt;/ul&gt;
&lt;p&gt;&amp;nbsp;&lt;/p&gt;</description>
  <shuffle_answers>false</shuffle_answers>
  <scoring_policy>keep_highest</scoring_policy>
  <hide_results>always</hide_results>
  <quiz_type>assignment</quiz_type>
  <points_possible>100.0</points_possible>
  <require_lockdown_browser>false</require_lockdown_browser>
  <require_lockdown_browser_for_results>false</require_lockdown_browser_for_results>
  <require_lockdown_browser_monitor>false</require_lockdown_browser_monitor>
  <lockdown_browser_monitor_data></lockdown_browser_monitor_data>
  <show_correct_answers>false</show_correct_answers>
  <anonymous_submissions>false</anonymous_submissions>
  <could_be_locked>true</could_be_locked>
  <time_limit>30</time_limit>
  <disable_timer_autosubmission>false</disable_timer_autosubmission>
  <allowed_attempts>1</allowed_attempts>
  <one_question_at_a_time>false</one_question_at_a_time>
  <cant_go_back>false</cant_go_back>
  <available>false</available>
  <one_time_results>false</one_time_results>
  <show_correct_answers_last_attempt>false</show_correct_answers_last_attempt>
  <only_visible_to_overrides>false</only_visible_to_overrides>
  <module_locked>false</module_locked>
  <assignment identifier="g13991df484cc81fc34ed757f0bba4d5e">
    <title>Chapter 1 Reading Quiz</title>
    <due_at/>
    <lock_at/>
    <unlock_at/>
    <module_locked>false</module_locked>
    <workflow_state>unpublished</workflow_state>
    <assignment_overrides>
    </assignment_overrides>
    <quiz_identifierref>g7b8a008b881d3bfca0e6acc1671e06ec</quiz_identifierref>
    <allowed_extensions></allowed_extensions>
    <has_group_category>false</has_group_category>
    <points_possible>100.0</points_possible>
    <grading_type>points</grading_type>
    <all_day>false</all_day>
    <submission_types>online_quiz</submission_types>
    <position>5</position>
    <turnitin_enabled>false</turnitin_enabled>
    <vericite_enabled>false</vericite_enabled>
    <peer_review_count>0</peer_review_count>
    <peer_reviews>false</peer_reviews>
    <automatic_peer_reviews>false</automatic_peer_reviews>
    <anonymous_peer_reviews>false</anonymous_peer_reviews>
    <grade_group_students_individually>false</grade_group_students_individually>
    <freeze_on_copy>false</freeze_on_copy>
    <omit_from_final_grade>false</omit_from_final_grade>
    <hide_in_gradebook>false</hide_in_gradebook>
    <intra_group_peer_reviews>false</intra_group_peer_reviews>
    <only_visible_to_overrides>false</only_visible_to_overrides>
    <post_to_sis>false</post_to_sis>
    <moderated_grading>false</moderated_grading>
    <grader_count>0</grader_count>
    <grader_comments_visible_to_graders>true</grader_comments_visible_to_graders>
    <anonymous_grading>false</anonymous_grading>
    <graders_anonymous_to_graders>false</graders_anonymous_to_graders>
    <grader_names_visible_to_final_grader>true</grader_names_visible_to_final_grader>
    <anonymous_instructor_annotations>false</anonymous_instructor_annotations>
    <post_policy>
      <post_manually>false</post_manually>
    </post_policy>
  </assignment>
  <assignment_group_identifierref>g06cd0b869347f652f233eafda4f867d8</assignment_group_identifierref>
  <assignment_overrides>
  </assignment_overrides>
</quiz>
