<?xml version="1.0" encoding="UTF-8"?>
<questestinterop xmlns="http://www.imsglobal.org/xsd/ims_qtiasiv1p2" xmlns:xsi="http://www.w3.org/2001/XMLSchema-instance" xsi:schemaLocation="http://www.imsglobal.org/xsd/ims_qtiasiv1p2 http://www.imsglobal.org/xsd/ims_qtiasiv1p2p1.xsd">
  <assessment ident="g7b8a008b881d3bfca0e6acc1671e06ec" title="Chapter 1 Reading Quiz">
    <qtimetadata>
      <qtimetadatafield>
        <fieldlabel>qmd_timelimit</fieldlabel>
        <fieldentry>30</fieldentry>
      </qtimetadatafield>
      <qtimetadatafield>
        <fieldlabel>cc_maxattempts</fieldlabel>
        <fieldentry>1</fieldentry>
      </qtimetadatafield>
    </qtimetadata>
    <section ident="root_section">
      <item ident="g50f5ed4ba746e6bb2f6f4b37cc749f0a" title="Question">
        <itemmetadata>
          <qtimetadata>
            <qtimetadatafield>
              <fieldlabel>question_type</fieldlabel>
              <fieldentry>multiple_choice_question</fieldentry>
            </qtimetadatafield>
            <qtimetadatafield>
              <fieldlabel>points_possible</fieldlabel>
              <fieldentry>10.0</fieldentry>
            </qtimetadatafield>
            <qtimetadatafield>
              <fieldlabel>original_answer_ids</fieldlabel>
              <fieldentry>19584,10023,30561,36708</fieldentry>
            </qtimetadatafield>
            <qtimetadatafield>
              <fieldlabel>assessment_question_identifierref</fieldlabel>
              <fieldentry>ge4bdb92f5a89e5525f25cb7d42ae9045</fieldentry>
            </qtimetadatafield>
          </qtimetadata>
        </itemmetadata>
        <presentation>
          <material>
            <mattext texttype="text/html">&lt;div&gt;What is Government?&amp;nbsp;&lt;/div&gt;</mattext>
          </material>
          <response_lid ident="response1" rcardinality="Single">
            <render_choice>
              <response_label ident="19584">
                <material>
                  <mattext texttype="text/plain">Refers to the process of gaining and exercising control within a government for the purpose of setting and achieving particular goals, especially those related to the division of resources within a nation.</mattext>
                </material>
              </response_label>
              <response_label ident="10023">
                <material>
                  <mattext texttype="text/plain">The means by which a society organizes itself and how it allocates authority to accomplish collective goals and provide benefits that society as a whole needs.</mattext>
                </material>
              </response_label>
              <response_label ident="30561">
                <material>
                  <mattext texttype="text/plain">a political system in which people govern themselves,</mattext>
                </material>
              </response_label>
              <response_label ident="36708">
                <material>
                  <mattext texttype="text/plain">societies, the means of generating wealth, such as factories, large farms, and banks, are owned by the government and not by private individuals.</mattext>
                </material>
              </response_label>
            </render_choice>
          </response_lid>
        </presentation>
        <resprocessing>
          <outcomes>
            <decvar maxvalue="100" minvalue="0" varname="SCORE" vartype="Decimal"/>
          </outcomes>
          <respcondition continue="No">
            <conditionvar>
              <varequal respident="response1">10023</varequal>
            </conditionvar>
            <setvar action="Set" varname="SCORE">100</setvar>
          </respcondition>
        </resprocessing>
      </item>
      <item ident="g05af40c97d398c70f682b9128fb93335" title="Question">
        <itemmetadata>
          <qtimetadata>
            <qtimetadatafield>
              <fieldlabel>question_type</fieldlabel>
              <fieldentry>multiple_choice_question</fieldentry>
            </qtimetadatafield>
            <qtimetadatafield>
              <fieldlabel>points_possible</fieldlabel>
              <fieldentry>10.0</fieldentry>
            </qtimetadatafield>
            <qtimetadatafield>
              <fieldlabel>original_answer_ids</fieldlabel>
              <fieldentry>77748,89999,25882,17062</fieldentry>
            </qtimetadatafield>
            <qtimetadatafield>
              <fieldlabel>assessment_question_identifierref</fieldlabel>
              <fieldentry>g39ee71365ec07b5e08c2679787d69063</fieldentry>
            </qtimetadatafield>
          </qtimetadata>
        </itemmetadata>
        <presentation>
          <material>
            <mattext texttype="text/html">&lt;div&gt;Politics is defined as&amp;nbsp;&lt;/div&gt;</mattext>
          </material>
          <response_lid ident="response1" rcardinality="Single">
            <render_choice>
              <response_label ident="77748">
                <material>
                  <mattext texttype="text/plain">the process by which choices are made regarding how resources will be allocated and which economic and social policies government will pursue.</mattext>
                </material>
              </response_label>
              <response_label ident="89999">
                <material>
                  <mattext texttype="text/plain">calls for equal treatment for all and the destruction of socioeconomic inequalities,</mattext>
                </material>
              </response_label>
              <response_label ident="25882">
                <material>
                  <mattext texttype="text/plain">protections for those who are not part of the majority</mattext>
                </material>
              </response_label>
              <response_label ident="17062">
                <material>
                  <mattext texttype="text/plain">a form of government where a handful of elite society members hold political power</mattext>
                </material>
              </response_label>
            </render_choice>
          </response_lid>
        </presentation>
        <resprocessing>
          <outcomes>
            <decvar maxvalue="100" minvalue="0" varname="SCORE" vartype="Decimal"/>
          </outcomes>
          <respcondition continue="No">
            <conditionvar>
              <varequal respident="response1">77748</varequal>
            </conditionvar>
            <setvar action="Set" varname="SCORE">100</setvar>
          </respcondition>
        </resprocessing>
      </item>
      <item ident="g3a347da128a4e88454923a41acc1159e" title="Question">
        <itemmetadata>
          <qtimetadata>
            <qtimetadatafield>
              <fieldlabel>question_type</fieldlabel>
              <fieldentry>true_false_question</fieldentry>
            </qtimetadatafield>
            <qtimetadatafield>
              <fieldlabel>points_possible</fieldlabel>
              <fieldentry>10.0</fieldentry>
            </qtimetadatafield>
            <qtimetadatafield>
              <fieldlabel>original_answer_ids</fieldlabel>
              <fieldentry>21193,76093</fieldentry>
            </qtimetadatafield>
            <qtimetadatafield>
              <fieldlabel>assessment_question_identifierref</fieldlabel>
              <fieldentry>gd3c1e809b010a59433ef2333d380f3e1</fieldentry>
            </qtimetadatafield>
          </qtimetadata>
        </itemmetadata>
        <presentation>
          <material>
            <mattext texttype="text/html">&lt;div&gt;&lt;span&gt;In socialist societies, the means of generating wealth, such as factories, large farms, and banks, are owned by the government and not by private individuals.&lt;/span&gt;&lt;/div&gt;</mattext>
          </material>
          <response_lid ident="response1" rcardinality="Single">
            <render_choice>
              <response_label ident="21193">
                <material>
                  <mattext texttype="text/plain">True</mattext>
                </material>
              </response_label>
              <response_label ident="76093">
                <material>
                  <mattext texttype="text/plain">False</mattext>
                </material>
              </response_label>
            </render_choice>
          </response_lid>
        </presentation>
        <resprocessing>
          <outcomes>
            <decvar maxvalue="100" minvalue="0" varname="SCORE" vartype="Decimal"/>
          </outcomes>
          <respcondition continue="No">
            <conditionvar>
              <varequal respident="response1">21193</varequal>
            </conditionvar>
            <setvar action="Set" varname="SCORE">100</setvar>
          </respcondition>
        </resprocessing>
      </item>
      <item ident="g25973e82ba62dcfba6bee86cb691ce8a" title="According to the plu">
        <itemmetadata>
          <qtimetadata>
            <qtimetadatafield>
              <fieldlabel>question_type</fieldlabel>
              <fieldentry>multiple_choice_question</fieldentry>
            </qtimetadatafield>
            <qtimetadatafield>
              <fieldlabel>points_possible</fieldlabel>
              <fieldentry>10.0</fieldentry>
            </qtimetadatafield>
            <qtimetadatafield>
              <fieldlabel>original_answer_ids</fieldlabel>
              <fieldentry>76055,55504,96457,51935</fieldentry>
            </qtimetadatafield>
            <qtimetadatafield>
              <fieldlabel>assessment_question_identifierref</fieldlabel>
              <fieldentry>g5c178dd3b2afaf40610944a0d47e413e</fieldentry>
            </qtimetadatafield>
          </qtimetadata>
        </itemmetadata>
        <presentation>
          <material>
            <mattext texttype="text/html">&lt;div&gt;According to the pluralist theory of government, ________.&lt;/div&gt;</mattext>
          </material>
          <response_lid ident="response1" rcardinality="Single">
            <render_choice>
              <response_label ident="76055">
                <material>
                  <mattext texttype="text/plain">government does what the majority of voters want it to do</mattext>
                </material>
              </response_label>
              <response_label ident="55504">
                <material>
                  <mattext texttype="text/plain">government policy is formed as a result of the competition between groups with different goals and interests</mattext>
                </material>
              </response_label>
              <response_label ident="96457">
                <material>
                  <mattext texttype="text/plain">ordinary people acting on their own have a significant influence on government</mattext>
                </material>
              </response_label>
              <response_label ident="51935">
                <material>
                  <mattext texttype="text/plain">wealthy people decide what government policy will be, and politicians have no interest in pleasing anyone else</mattext>
                </material>
              </response_label>
            </render_choice>
          </response_lid>
        </presentation>
        <resprocessing>
          <outcomes>
            <decvar maxvalue="100" minvalue="0" varname="SCORE" vartype="Decimal"/>
          </outcomes>
          <respcondition continue="No">
            <conditionvar>
              <varequal respident="response1">55504</varequal>
            </conditionvar>
            <setvar action="Set" varname="SCORE">100</setvar>
          </respcondition>
        </resprocessing>
      </item>
      <item ident="g82e14978c5e7f84206f221be1682557a" title="In which form of gov">
        <itemmetadata>
          <qtimetadata>
            <qtimetadatafield>
              <fieldlabel>question_type</fieldlabel>
              <fieldentry>multiple_choice_question</fieldentry>
            </qtimetadatafield>
            <qtimetadatafield>
              <fieldlabel>points_possible</fieldlabel>
              <fieldentry>10.0</fieldentry>
            </qtimetadatafield>
            <qtimetadatafield>
              <fieldlabel>original_answer_ids</fieldlabel>
              <fieldentry>70476,72176,77508,81569</fieldentry>
            </qtimetadatafield>
            <qtimetadatafield>
              <fieldlabel>assessment_question_identifierref</fieldlabel>
              <fieldentry>g7e909fc4ec78eedeebe5d59cdebc3f7d</fieldentry>
            </qtimetadatafield>
          </qtimetadata>
        </itemmetadata>
        <presentation>
          <material>
            <mattext texttype="text/html">&lt;div&gt;In which form of government does a small group of elite people hold political power?&lt;/div&gt;</mattext>
          </material>
          <response_lid ident="response1" rcardinality="Single">
            <render_choice>
              <response_label ident="70476">
                <material>
                  <mattext texttype="text/plain">direct democracy</mattext>
                </material>
              </response_label>
              <response_label ident="72176">
                <material>
                  <mattext texttype="text/plain">monarchy</mattext>
                </material>
              </response_label>
              <response_label ident="77508">
                <material>
                  <mattext texttype="text/plain">oligarchy</mattext>
                </material>
              </response_label>
              <response_label ident="81569">
                <material>
                  <mattext texttype="text/plain">totalitarian</mattext>
                </material>
              </response_label>
            </render_choice>
          </response_lid>
        </presentation>
        <resprocessing>
          <outcomes>
            <decvar maxvalue="100" minvalue="0" varname="SCORE" vartype="Decimal"/>
          </outcomes>
          <respcondition continue="No">
            <conditionvar>
              <varequal respident="response1">77508</varequal>
            </conditionvar>
            <setvar action="Set" varname="SCORE">100</setvar>
          </respcondition>
        </resprocessing>
      </item>
      <item ident="g51f0a30a92a02008d7f0717a24c4e589" title="Supporting the actio">
        <itemmetadata>
          <qtimetadata>
            <qtimetadatafield>
              <fieldlabel>question_type</fieldlabel>
              <fieldentry>multiple_choice_question</fieldentry>
            </qtimetadatafield>
            <qtimetadatafield>
              <fieldlabel>points_possible</fieldlabel>
              <fieldentry>10.0</fieldentry>
            </qtimetadatafield>
            <qtimetadatafield>
              <fieldlabel>original_answer_ids</fieldlabel>
              <fieldentry>68909,92697,54286,54468</fieldentry>
            </qtimetadatafield>
            <qtimetadatafield>
              <fieldlabel>assessment_question_identifierref</fieldlabel>
              <fieldentry>g556102bda4deebe50b81e3be383f6c46</fieldentry>
            </qtimetadatafield>
          </qtimetadata>
        </itemmetadata>
        <presentation>
          <material>
            <mattext texttype="text/html">&lt;div&gt;Supporting the actions of the Democratic Party simply because one identifies oneself as a member of that party is an example of ________.&lt;/div&gt;</mattext>
          </material>
          <response_lid ident="response1" rcardinality="Single">
            <render_choice>
              <response_label ident="68909">
                <material>
                  <mattext texttype="text/plain">partisanship</mattext>
                </material>
              </response_label>
              <response_label ident="92697">
                <material>
                  <mattext texttype="text/plain">ideology</mattext>
                </material>
              </response_label>
              <response_label ident="54286">
                <material>
                  <mattext texttype="text/plain">latent preference</mattext>
                </material>
              </response_label>
              <response_label ident="54468">
                <material>
                  <mattext texttype="text/plain">social capital</mattext>
                </material>
              </response_label>
            </render_choice>
          </response_lid>
        </presentation>
        <resprocessing>
          <outcomes>
            <decvar maxvalue="100" minvalue="0" varname="SCORE" vartype="Decimal"/>
          </outcomes>
          <respcondition continue="No">
            <conditionvar>
              <varequal respident="response1">68909</varequal>
            </conditionvar>
            <setvar action="Set" varname="SCORE">100</setvar>
          </respcondition>
        </resprocessing>
      </item>
      <item ident="g1efe3ad0b71cb855a31ea1a04b6ed88b" title="The elite theory of">
        <itemmetadata>
          <qtimetadata>
            <qtimetadatafield>
              <fieldlabel>question_type</fieldlabel>
              <fieldentry>multiple_choice_question</fieldentry>
            </qtimetadatafield>
            <qtimetadatafield>
              <fieldlabel>points_possible</fieldlabel>
              <fieldentry>10.0</fieldentry>
            </qtimetadatafield>
            <qtimetadatafield>
              <fieldlabel>original_answer_ids</fieldlabel>
              <fieldentry>41570,31482,22477,59235</fieldentry>
            </qtimetadatafield>
            <qtimetadatafield>
              <fieldlabel>assessment_question_identifierref</fieldlabel>
              <fieldentry>g7d1e0f7fe3e17398e11e84d5aabd0db7</fieldentry>
            </qtimetadatafield>
          </qtimetadata>
        </itemmetadata>
        <presentation>
          <material>
            <mattext texttype="text/html">&lt;div&gt;The elite theory of government maintains that ________.&lt;/div&gt;</mattext>
          </material>
          <response_lid ident="response1" rcardinality="Single">
            <render_choice>
              <response_label ident="41570">
                <material>
                  <mattext texttype="text/plain">special interest groups make government policy</mattext>
                </material>
              </response_label>
              <response_label ident="31482">
                <material>
                  <mattext texttype="text/plain">politicians who have held office for a long time are favored by voters</mattext>
                </material>
              </response_label>
              <response_label ident="22477">
                <material>
                  <mattext texttype="text/plain">poor people and people of color should not be allowed to vote</mattext>
                </material>
              </response_label>
              <response_label ident="59235">
                <material>
                  <mattext texttype="text/plain">wealthy, politically powerful people control government, and government has no interest in meeting the needs of ordinary people</mattext>
                </material>
              </response_label>
            </render_choice>
          </response_lid>
        </presentation>
        <resprocessing>
          <outcomes>
            <decvar maxvalue="100" minvalue="0" varname="SCORE" vartype="Decimal"/>
          </outcomes>
          <respcondition continue="No">
            <conditionvar>
              <varequal respident="response1">59235</varequal>
            </conditionvar>
            <setvar action="Set" varname="SCORE">100</setvar>
          </respcondition>
        </resprocessing>
      </item>
      <item ident="g9534bb4cea5bf6049d01ad34ca169fab" title="What goods are avail">
        <itemmetadata>
          <qtimetadata>
            <qtimetadatafield>
              <fieldlabel>question_type</fieldlabel>
              <fieldentry>multiple_choice_question</fieldentry>
            </qtimetadatafield>
            <qtimetadatafield>
              <fieldlabel>points_possible</fieldlabel>
              <fieldentry>10.0</fieldentry>
            </qtimetadatafield>
            <qtimetadatafield>
              <fieldlabel>original_answer_ids</fieldlabel>
              <fieldentry>63673,21626,81559,57037</fieldentry>
            </qtimetadatafield>
            <qtimetadatafield>
              <fieldlabel>assessment_question_identifierref</fieldlabel>
              <fieldentry>g319d6ea3dd3b7318417a1ed83193eec9</fieldentry>
            </qtimetadatafield>
          </qtimetadata>
        </itemmetadata>
        <presentation>
          <material>
            <mattext texttype="text/html">&lt;div&gt;What goods are available to all without direct payment?&lt;/div&gt;</mattext>
          </material>
          <response_lid ident="response1" rcardinality="Single">
            <render_choice>
              <response_label ident="63673">
                <material>
                  <mattext texttype="text/plain">private goods</mattext>
                </material>
              </response_label>
              <response_label ident="21626">
                <material>
                  <mattext texttype="text/plain">public goods</mattext>
                </material>
              </response_label>
              <response_label ident="81559">
                <material>
                  <mattext texttype="text/plain">common goods</mattext>
                </material>
              </response_label>
              <response_label ident="57037">
                <material>
                  <mattext texttype="text/plain">toll goods</mattext>
                </material>
              </response_label>
            </render_choice>
          </response_lid>
        </presentation>
        <resprocessing>
          <outcomes>
            <decvar maxvalue="100" minvalue="0" varname="SCORE" vartype="Decimal"/>
          </outcomes>
          <respcondition continue="No">
            <conditionvar>
              <varequal respident="response1">21626</varequal>
            </conditionvar>
            <setvar action="Set" varname="SCORE">100</setvar>
          </respcondition>
        </resprocessing>
      </item>
      <item ident="gf8152e8a7c8122189bc2e6848ee87092" title="When a person is ask">
        <itemmetadata>
          <qtimetadata>
            <qtimetadatafield>
              <fieldlabel>question_type</fieldlabel>
              <fieldentry>multiple_choice_question</fieldentry>
            </qtimetadatafield>
            <qtimetadatafield>
              <fieldlabel>points_possible</fieldlabel>
              <fieldentry>10.0</fieldentry>
            </qtimetadatafield>
            <qtimetadatafield>
              <fieldlabel>original_answer_ids</fieldlabel>
              <fieldentry>81583,44648,8259,17425</fieldentry>
            </qtimetadatafield>
            <qtimetadatafield>
              <fieldlabel>assessment_question_identifierref</fieldlabel>
              <fieldentry>g26b46f9b43bfd56acbbc61144efed3e7</fieldentry>
            </qtimetadatafield>
          </qtimetadata>
        </itemmetadata>
        <presentation>
          <material>
            <mattext texttype="text/html">&lt;div&gt;When a person is asked a question about a political issue that person has little interest in and has not thought much about, the person's answer will likely reflect ________.&lt;/div&gt;</mattext>
          </material>
          <response_lid ident="response1" rcardinality="Single">
            <render_choice>
              <response_label ident="81583">
                <material>
                  <mattext texttype="text/plain">ideology</mattext>
                </material>
              </response_label>
              <response_label ident="44648">
                <material>
                  <mattext texttype="text/plain">partisanship</mattext>
                </material>
              </response_label>
              <response_label ident="8259">
                <material>
                  <mattext texttype="text/plain">intense preferences</mattext>
                </material>
              </response_label>
              <response_label ident="17425">
                <material>
                  <mattext texttype="text/plain">latent preferences</mattext>
                </material>
              </response_label>
            </render_choice>
          </response_lid>
        </presentation>
        <resprocessing>
          <outcomes>
            <decvar maxvalue="100" minvalue="0" varname="SCORE" vartype="Decimal"/>
          </outcomes>
          <respcondition continue="No">
            <conditionvar>
              <varequal respident="response1">17425</varequal>
            </conditionvar>
            <setvar action="Set" varname="SCORE">100</setvar>
          </respcondition>
        </resprocessing>
      </item>
      <item ident="g96d6b12a13b2966abfff55562c7d36f8" title="Which of the followi">
        <itemmetadata>
          <qtimetadata>
            <qtimetadatafield>
              <fieldlabel>question_type</fieldlabel>
              <fieldentry>multiple_choice_question</fieldentry>
            </qtimetadatafield>
            <qtimetadatafield>
              <fieldlabel>points_possible</fieldlabel>
              <fieldentry>10.0</fieldentry>
            </qtimetadatafield>
            <qtimetadatafield>
              <fieldlabel>original_answer_ids</fieldlabel>
              <fieldentry>83116,45478,948,54249</fieldentry>
            </qtimetadatafield>
            <qtimetadatafield>
              <fieldlabel>assessment_question_identifierref</fieldlabel>
              <fieldentry>g5da8f4b8e5cc792d319693aeba248492</fieldentry>
            </qtimetadatafield>
          </qtimetadata>
        </itemmetadata>
        <presentation>
          <material>
            <mattext texttype="text/html">&lt;div&gt;Which of the following is a good example of a tradeoff?&lt;/div&gt;</mattext>
          </material>
          <response_lid ident="response1" rcardinality="Single">
            <render_choice>
              <response_label ident="83116">
                <material>
                  <mattext texttype="text/plain">The government pleases environmental activists by preserving public lands but also pleases ranchers by allowing them to rent public lands for grazing purposes.</mattext>
                </material>
              </response_label>
              <response_label ident="45478">
                <material>
                  <mattext texttype="text/plain">The government pleases environmental activists by reintroducing wolves to Yellowstone National Park but angers ranchers by placing their cattle in danger.</mattext>
                </material>
              </response_label>
              <response_label ident="948">
                <material>
                  <mattext texttype="text/plain">The government pleases oil companies by allowing them to drill on lands set aside for conservation but allows environmental activist groups to protest the drilling operations.</mattext>
                </material>
              </response_label>
              <response_label ident="54249">
                <material>
                  <mattext texttype="text/plain">Groups that represent a variety of conflicting interests are all allowed to protest outside Congress and the White House.</mattext>
                </material>
              </response_label>
            </render_choice>
          </response_lid>
        </presentation>
        <resprocessing>
          <outcomes>
            <decvar maxvalue="100" minvalue="0" varname="SCORE" vartype="Decimal"/>
          </outcomes>
          <respcondition continue="No">
            <conditionvar>
              <varequal respident="response1">83116</varequal>
            </conditionvar>
            <setvar action="Set" varname="SCORE">100</setvar>
          </respcondition>
        </resprocessing>
      </item>
    </section>
  </assessment>
</questestinterop>
