<?xml version="1.0" encoding="UTF-8"?>
<manifest identifier="geb4ad3629c115a64bfccc754e590262e" xmlns="http://www.imsglobal.org/xsd/imsccv1p1/imscp_v1p1" xmlns:lom="http://ltsc.ieee.org/xsd/imsccv1p1/LOM/resource" xmlns:imsmd="http://www.imsglobal.org/xsd/imsmd_v1p2" xmlns:xsi="http://www.w3.org/2001/XMLSchema-instance" xsi:schemaLocation="http://www.imsglobal.org/xsd/imsccv1p1/imscp_v1p1 http://www.imsglobal.org/xsd/imscp_v1p1.xsd http://ltsc.ieee.org/xsd/imsccv1p1/LOM/resource http://www.imsglobal.org/profile/cc/ccv1p1/LOM/ccv1p1_lomresource_v1p0.xsd http://www.imsglobal.org/xsd/imsmd_v1p2 http://www.imsglobal.org/xsd/imsmd_v1p2p2.xsd">
  <metadata>
    <schema>IMS Content</schema>
    <schemaversion>1.1.3</schemaversion>
    <imsmd:lom>
      <imsmd:general>
        <imsmd:title>
          <imsmd:string>QTI Quiz Export for course "Group 1 Project"</imsmd:string>
        </imsmd:title>
      </imsmd:general>
      <imsmd:lifeCycle>
        <imsmd:contribute>
          <imsmd:date>
            <imsmd:dateTime>2025-02-01</imsmd:dateTime>
          </imsmd:date>
        </imsmd:contribute>
      </imsmd:lifeCycle>
      <imsmd:rights>
        <imsmd:copyrightAndOtherRestrictions>
          <imsmd:value>yes</imsmd:value>
        </imsmd:copyrightAndOtherRestrictions>
        <imsmd:description>
          <imsmd:string>Private (Copyrighted) - http://en.wikipedia.org/wiki/Copyright</imsmd:string>
        </imsmd:description>
      </imsmd:rights>
    </imsmd:lom>
  </metadata>
  <organizations/>
  <resources>
    <resource identifier="g7b8a008b881d3bfca0e6acc1671e06ec" type="imsqti_xmlv1p2">
      <file href="g7b8a008b881d3bfca0e6acc1671e06ec/g7b8a008b881d3bfca0e6acc1671e06ec.xml"/>
      <dependency identifierref="gac868bb89f5770c9dccc24a63316c15a"/>
    </resource>
    <resource identifier="gac868bb89f5770c9dccc24a63316c15a" type="associatedcontent/imscc_xmlv1p1/learning-application-resource" href="g7b8a008b881d3bfca0e6acc1671e06ec/assessment_meta.xml">
      <file href="g7b8a008b881d3bfca0e6acc1671e06ec/assessment_meta.xml"/>
    </resource>
    <resource identifier="g006aefbf28c3a3622ae82b7d4d97b8fd" type="imsqti_xmlv1p2">
      <file href="g006aefbf28c3a3622ae82b7d4d97b8fd/g006aefbf28c3a3622ae82b7d4d97b8fd.xml"/>
      <dependency identifierref="g1a2d9aa52feeb55583f5049ab00e8402"/>
    </resource>
    <resource identifier="g1a2d9aa52feeb55583f5049ab00e8402" type="associatedcontent/imscc_xmlv1p1/learning-application-resource" href="g006aefbf28c3a3622ae82b7d4d97b8fd/assessment_meta.xml">
      <file href="g006aefbf28c3a3622ae82b7d4d97b8fd/assessment_meta.xml"/>
    </resource>
    <resource identifier="g157d9a67006f348fca38dfeb1ddec3c3" type="imsqti_xmlv1p2">
      <file href="g157d9a67006f348fca38dfeb1ddec3c3/g157d9a67006f348fca38dfeb1ddec3c3.xml"/>
      <dependency identifierref="g1b1cfd2180637c5f214d28f74e31e1f3"/>
    </resource>
    <resource identifier="g1b1cfd2180637c5f214d28f74e31e1f3" type="associatedcontent/imscc_xmlv1p1/learning-application-resource" href="g157d9a67006f348fca38dfeb1ddec3c3/assessment_meta.xml">
      <file href="g157d9a67006f348fca38dfeb1ddec3c3/assessment_meta.xml"/>
    </resource>
    <resource identifier="gd31431dfe4e191dcfcabf5badc4d65ca" type="imsqti_xmlv1p2">
      <file href="gd31431dfe4e191dcfcabf5badc4d65ca/gd31431dfe4e191dcfcabf5badc4d65ca.xml"/>
      <dependency identifierref="g713ac0200acc6e4388b483b8a881c010"/>
    </resource>
    <resource identifier="g713ac0200acc6e4388b483b8a881c010" type="associatedcontent/imscc_xmlv1p1/learning-application-resource" href="gd31431dfe4e191dcfcabf5badc4d65ca/assessment_meta.xml">
      <file href="gd31431dfe4e191dcfcabf5badc4d65ca/assessment_meta.xml"/>
    </resource>
    <resource identifier="g7c2c8d8b4ad29d053c8af50d6e4b4437" type="imsqti_xmlv1p2">
      <file href="g7c2c8d8b4ad29d053c8af50d6e4b4437/g7c2c8d8b4ad29d053c8af50d6e4b4437.xml"/>
      <dependency identifierref="gebe0ad5f2c38e71d65319845a0121125"/>
    </resource>
    <resource identifier="gebe0ad5f2c38e71d65319845a0121125" type="associatedcontent/imscc_xmlv1p1/learning-application-resource" href="g7c2c8d8b4ad29d053c8af50d6e4b4437/assessment_meta.xml">
      <file href="g7c2c8d8b4ad29d053c8af50d6e4b4437/assessment_meta.xml"/>
    </resource>
    <resource identifier="g2cda647e9c1c4e329f8a61773b4a196f" type="imsqti_xmlv1p2">
      <file href="g2cda647e9c1c4e329f8a61773b4a196f/g2cda647e9c1c4e329f8a61773b4a196f.xml"/>
      <dependency identifierref="ge0b9f5fdd4519ace934edaf4fa461b51"/>
    </resource>
    <resource identifier="ge0b9f5fdd4519ace934edaf4fa461b51" type="associatedcontent/imscc_xmlv1p1/learning-application-resource" href="g2cda647e9c1c4e329f8a61773b4a196f/assessment_meta.xml">
      <file href="g2cda647e9c1c4e329f8a61773b4a196f/assessment_meta.xml"/>
    </resource>
    <resource identifier="g7e44690eaff4cc99811b2452babaf860" type="imsqti_xmlv1p2">
      <file href="g7e44690eaff4cc99811b2452babaf860/g7e44690eaff4cc99811b2452babaf860.xml"/>
      <dependency identifierref="g80dfe5299aced3e37f7d45058a8beb10"/>
    </resource>
    <resource identifier="g80dfe5299aced3e37f7d45058a8beb10" type="associatedcontent/imscc_xmlv1p1/learning-application-resource" href="g7e44690eaff4cc99811b2452babaf860/assessment_meta.xml">
      <file href="g7e44690eaff4cc99811b2452babaf860/assessment_meta.xml"/>
    </resource>
    <resource identifier="ge78b00fbbb9de0420718b00bd11a7812" type="imsqti_xmlv1p2">
      <file href="ge78b00fbbb9de0420718b00bd11a7812/ge78b00fbbb9de0420718b00bd11a7812.xml"/>
      <dependency identifierref="gc2096baf266896d2000077a55d05d576"/>
    </resource>
    <resource identifier="gc2096baf266896d2000077a55d05d576" type="associatedcontent/imscc_xmlv1p1/learning-application-resource" href="ge78b00fbbb9de0420718b00bd11a7812/assessment_meta.xml">
      <file href="ge78b00fbbb9de0420718b00bd11a7812/assessment_meta.xml"/>
    </resource>
    <resource identifier="g29642f8483f810df2bba12ab3fd4fbcf" type="imsqti_xmlv1p2">
      <file href="g29642f8483f810df2bba12ab3fd4fbcf/g29642f8483f810df2bba12ab3fd4fbcf.xml"/>
      <dependency identifierref="g68f745c5ffd231f95b69aaca72db1c1b"/>
    </resource>
    <resource identifier="g68f745c5ffd231f95b69aaca72db1c1b" type="associatedcontent/imscc_xmlv1p1/learning-application-resource" href="g29642f8483f810df2bba12ab3fd4fbcf/assessment_meta.xml">
      <file href="g29642f8483f810df2bba12ab3fd4fbcf/assessment_meta.xml"/>
    </resource>
    <resource identifier="ge49d37ca8926a13bd8bdd4bbf08a1f4c" type="imsqti_xmlv1p2">
      <file href="ge49d37ca8926a13bd8bdd4bbf08a1f4c/ge49d37ca8926a13bd8bdd4bbf08a1f4c.xml"/>
      <dependency identifierref="g4a00befb42e7a2c6712de4f567aa8c66"/>
    </resource>
    <resource identifier="g4a00befb42e7a2c6712de4f567aa8c66" type="associatedcontent/imscc_xmlv1p1/learning-application-resource" href="ge49d37ca8926a13bd8bdd4bbf08a1f4c/assessment_meta.xml">
      <file href="ge49d37ca8926a13bd8bdd4bbf08a1f4c/assessment_meta.xml"/>
    </resource>
    <resource identifier="gc34fc0cacfc4107bafef543d2af8a048" type="imsqti_xmlv1p2">
      <file href="gc34fc0cacfc4107bafef543d2af8a048/gc34fc0cacfc4107bafef543d2af8a048.xml"/>
      <dependency identifierref="g02cc33e3be86c767392c6fba43f71731"/>
    </resource>
    <resource identifier="g02cc33e3be86c767392c6fba43f71731" type="associatedcontent/imscc_xmlv1p1/learning-application-resource" href="gc34fc0cacfc4107bafef543d2af8a048/assessment_meta.xml">
      <file href="gc34fc0cacfc4107bafef543d2af8a048/assessment_meta.xml"/>
    </resource>
    <resource identifier="g48b6e8e56c1103308a41e95fe5aed346" type="imsqti_xmlv1p2">
      <file href="g48b6e8e56c1103308a41e95fe5aed346/g48b6e8e56c1103308a41e95fe5aed346.xml"/>
      <dependency identifierref="g422919d976d24ad60e382ecaeada169a"/>
    </resource>
    <resource identifier="g422919d976d24ad60e382ecaeada169a" type="associatedcontent/imscc_xmlv1p1/learning-application-resource" href="g48b6e8e56c1103308a41e95fe5aed346/assessment_meta.xml">
      <file href="g48b6e8e56c1103308a41e95fe5aed346/assessment_meta.xml"/>
    </resource>
  </resources>
</manifest>
